word,count
auoitrien,1
laiflant,1
censquaräte,1
ins,1
difent,1
appelloyent,1
ere,1
grauees,1
affoir,1
ordo,1
trapeia,1
lille,1
ocuure,1
cftant,1
ftoit,1
fauffeté,1
foible,1
ioüeur,1
nouucaux,1
mangeoyent,1
peult,1
veulét,1
medier,1
pill,1
vendoyent,1
ss,1
maleftroir,1
fai,1
eftimez,1
cotracts,1
miere,1
douziefme,1
enauoir,1
differéceaux,1
pres,1
ché,1
pluyes,1
efcripture,1
forgentla,1
ayfance,1
fau,1
fobre,1
autät,1
erain,1
debanquerou,1
vnedi,1
ucilles,1
coufiours,1
detoutes,1
efcriuent,1
braueries,1
athenceau,1
marchás,1
eftimation,1
mel,1
confifqué,1
eam,1
prouencea,1
lachaffe,1
seuere,1
paftel,1
auiourd,1
efcrits,1
anciéne,1
oy,1
quereaux,1
republiques,1
ritier,1
plusla,1
entédte,1
afoiblit,1
laroyne,1
bleds,1
necef,1
monfieur,1
eftimeecinquante,1
ouembre,1
cepoint,1
diminuee,1
verité,1
raiſon,1
prefqueen,1
defpencel,1
natu,1
cheucreau,1
hift,1
perruqueblonc,1
aia,1
premiere,1
fayfon,1
defpence,1
appellant,1
defdaignoyent,1
ofté,1
huitie,1
tirát,1
publiee,1
bailloit,1
coipelleà,1
confciéce,1
pia,1
dou,1
flateurs,1
necefsi,1
efle,1
marchéen,1
quine,1
griue,1
xx,1
arichemét,1
trouueq,1
exempleles,1
fouhaitz,1
pafsé,1
maximilian,1
sempoifonna,1
autat,1
eleétre,1
phi,1
maiftres,1
guce,1
trouue,1
pat,1
iourne,1
graces,1
i,1
vneliure,1
tiqué,1
mettray,1
deleton,1
dreen,1
censtrente,1
frâce,1
abondàce,1
batizant,1
dela,1
nouembre,1
in,1
faillirau,1
lefol,1
outrele,1
parauát,1
defpit,1
liureä,1
poif,1
altera,1
té,1
deliberc,1
nefceurentiamais,1
nopces,1
n,1
&:,1
fonnieren,1
afoiblift,1
charette,1
laguerre,1
qlefpaignol,1
lyon,1
fourfes,1
fang,1
felliers,1
prifer,1
quele,1
arreítees,1
efturgeon,1
monftré,1
netirons,1
defpens,1
quáte,1
caligula,1
antiquitez,1
duit,1
etfionn,1
difentle,1
mefure,1
abondá,1
gageureapres,1
delacs,1
autruy,1
paraifon,1
encherifttout,1
rs,1
rizé,1
rene,1
fufift,1
paratreft,1
deb,1
cau,1
nät,1
femberg,1
grandsieux,1
brouillantl,1
nofttes,1
rabaifsé,1
ven,1
quid,1
detelleconfequence,1
craignäs,1
leferuice,1
deffus,1
decoulaft,1
azoa,1
ameinele,1
eftrá,1
voyôs,1
ul,1
poura,1
pla,1
refte,1
grás,1
fentile,1
maintenät,1
infos,1
ruinees,1
pra,1
nepenfent,1
acouftumerent,1
plutarque,1
fonteines,1
viure,1
afinee,1
letonycuyure,1
iugement,1
fcauoir,1
pert,1
aegypte,1
mefmetemps,1
apauurift,1
aduis,1
veiel,1
t,1
parnozcouftu,1
laraifon,1
ierufa,1
caroluz,1
atffe,1
apercoiue,1
alteree,1
yaplus,1
fcau,1
ilsfe,1
mmm,1
auons,1
valoyent,1
ftroit,1
laiffe,1
mefserre,1
bayone,1
deleftran,1
gn,1
debrasen,1
maneu,1
prénons,1
fauchet,1
atoufiours,1
defon,1
liege,1
ept,1
laiffer,1
fournaizeil,1
plufieurs,1
vefcu,1
chacu,1
ofaften,1
stambol,1
oit,1
ftre,1
veritécft,1
eftà,1
tyrannizét,1
prifez,1
eftrefi,1
george,1
deterres,1
venuz,1
pœil,1
efcuzau,1
cat,1
£,1
punais,1
védues,1
brafsier,1
feure,1
íta,1
menager,1
réuoya,1
mmc,1
excellens,1
entreren,1
uátà,1
orleäs,1
nour,1
foit,1
depouil,1
trouuez,1
debordé,1
çons,1
iours,1
tourno,1
coftantinopole,1
ehemet,1
ouau,1
fuyuant,1
trefor,1
lumiereau,1
legions,1
m,1
commeon,1
quil,1
decarat,1
plurarque,1
ca,1
difette,1
peupleroiton,1
",(",1
ſainte,1
ferpentines,1
alüs,1
forgeat,1
alteré,1
emploirot,1
vignefans,1
derniere,1
tnenuiferie,1
eftonnez,1
obeiflan,1
picius,1
ain,1
poizon,1
flamma,1
reuendre,1
doûteur,1
fouuerains,1
cinquáte,1
neremarchent,1
ceroyaume,1
denozbiens,1
coman,1
furplusil,1
iln,1
enfemble,1
doques,1
iaçoit,1
ſons,1
iceluy,1
pay,1
iniuftice,1
deburoit,1
ila,1
maintenat,1
faifoyét,1
coipelle,1
nelaiffe,1
bondance,1
ſain,1
mettreletouten,1
———,1
rouuer,1
portoyent,1
ambaſſades,1
inftance,1
xxii,1
defruitz,1
eftén,1
croiftreny,1
iuré,1
charroy,1
oultrc,1
censansapresau,1
efcript,1
bts,1
nourir,1
gne,1
fauteen,1
monsievr,1
comei,1
indiget,1
atteflation,1
trafiq,1
intole,1
maneuure,1
hauffa,1
tion,1
perfe,1
ineſtimable,1
nal,1
falez,1
+:,1
tariffent,1
plaifir,1
trefont,1
fons,1
abufoit,1
dif,1
necefsité,1
friqueont,1
iulian,1
jl,1
eftédu,1
pefteen,1
arg,1
excel,1
femble,1
per,1
cheureau,1
geons,1
conſequent,1
payoit,1
cognoiftre,1
ains,1
conchenil,1
bouflole,1
arfenic,1
xi,1
auátage,1
fra,1
plufie,1
ietrouueque,1
"&,",1
lgaire,1
protoge,1
apresauoir,1
auoyent,1
fuffent,1
empc,1
xxxv,1
furuie,1
fuy,1
monnoyene,1
rabatu,1
toutesfoisil,1
mere,1
aporte,1
dcro,1
fueilletter,1
auroyent,1
prouen,1
empor,1
afie,1
congruité,1
neantmoins,1
für,1
iagoit,1
yalent,1
foulagé,1
apaiferla,1
ponát,1
ftatuts,1
feroyent,1
tirerles,1
fintous,1
ferotla,1
teux,1
poge,1
occafion,1
iufques,1
enfans,1
ciriq,1
alterer,1
pter,1
mune,1
cointe,1
produifit,1
damas,1
cautionerent,1
iointaufsique,1
peuttrouuer,1
auiour,1
urauld,1
derompre,1
prouence,1
farcy,1
efcuz,1
oyfeaux,1
nousenfeignent,1
marchandifes,1
cyment,1
arreft,1
empeteur,1
clcu,1
ftalie,1
donques,1
moin,1
auroit,1
hau,1
bes,1
incroy,1
todre,1
quimefla,1
rhin,1
vial,1
forgee,1
deceux,1
combié,1
lat,1
iufte,1
preiudice,1
commei,1
fcript,1
meil,1
pier,1
quenoz,1
ducatz,1
noz,1
marez,1
vfer,1
ledouble,1
annecs,1
frá,1
turcau,1
cagéles,1
icfté,1
ia,1
lls,1
caufele,1
affe,1
faceferuir,1
cognu,1
tibere,1
efcornez,1
diſons,1
neant,1
vntemps,1
armecs,1
feroyentre,1
derechef,1
matieres,1
môftré,1
foudaï,1
có,1
emportegran,1
queefpagnol,1
iugemens,1
aportoit,1
moyé,1
lieure,1
requeíte,1
iuf,1
ttt,1
fice,1
ba,1
zant,1
cefsionnaires,1
eflat,1
argumentauqu,1
sicile,1
toufiouts,1
auoitle,1
trouuer,1
hauffant,1
ftemes,1
pouuons,1
debœufs,1
donnéla,1
bafto,1
didius,1
levigneron,1
;&,1
réprouucr,1
efpa,1
fepe,1
donneroit,1
troyeen,1
eftienne,1
iuges,1
trentele,1
oraytiamais,1
ícript,1
rgent,1
appelloyét,1
auguſte,1
eftantle,1
vaudroyét,1
preticufes,1
pyrenees,1
croiftre,1
achapt,1
vneimpofture,1
difciple,1
xir,1
neceſſaire,1
peuuent,1
afoiblirla,1
eftroittement,1
tcs,1
puifsa,1
comele,1
víuraires,1
quiconques,1
micux,1
gabale,1
executees,1
k,1
coparaifon,1
enont,1
neceflaire,1
trouuósaux,1
feconde,1
queie,1
ae,1
gradeur,1
appellecommeon,1
meftier,1
fain,1
pofons,1
ol,1
banquetz,1
diterrance,1
enuoye,1
bho,1
queles,1
defendoit,1
necefsite,1
coufteroittrop,1
quivoudra,1
urages,1
surie,1
traint,1
regiftre,1
confetfe,1
adrian,1
iettant,1
haufse,1
rouilleure,1
ciquiefme,1
firaau,1
monnoye,1
fo,1
péfent,1
royau,1
fieur,1
onol,1
voyla,1
fagemen,1
efpagnol,1
eff,1
edi,1
genes,1
troifiefme,1
foyes,1
cea,1
moftral,1
nons,1
punique,1
rité,1
lacharettec,1
contrechange,1
bell,1
aporterent,1
ftrer,1
lo,1
medicis,1
jen,1
tra,1
aprouuer,1
piftolets,1
deuc,1
apelles,1
fot,1
appelloyentleur,1
celfe,1
roys,1
teímoignent,1
ciuiles,1
empefcher,1
rabaifler,1
fe,1
carles,1
aflemblent,1
delaterrea,1
quàd,1
particaufsi,1
ilauoitle,1
apresla,1
nee,1
reuenu,1
tn,1
peuplede,1
douzemarcs,1
touchécy,1
extraiët,1
detragedies,1
lestraiteen,1
lefoufre,1
aymoit,1
vnziefme,1
fagement,1
enuieux,1
yuer,1
porteteímoignageen,1
pourco,1
mcímement,1
appetit,1
chartée,1
plato,1
auenues,1
confequence,1
defédit,1
vferay,1
chreftiens,1
aucclefel,1
hiftoire,1
parthes,1
faumons,1
entremange,1
marchantachepta,1
poindts,1
bufetz,1
efpargne,1
lefon,1
vigt,1
eftoic,1
bailloyent,1
prat,1
caufe,1
talens,1
zeapres,1
facent,1
letitre,1
gueur,1
pam,1
valetz,1
won,1
pre,1
prouifion,1
é,1
femblé,1
lebord,1
lon,1
res,1
efclatant,1
eftrangers,1
quiauez,1
roy,1
norue,1
commerecite,1
orte,1
tiquitez,1
foyenteícuz,1
leuát,1
faifan,1
boisreuenant,1
loire,1
peuplefec,1
degaller,1
cftoit,1
confcience,1
contéte,1
almagne,1
vintz,1
charle,1
payemét,1
intereft,1
fomme,1
foix,1
cofirméàl,1
foixäate,1
nefetrouue,1
feroit,1
auci,1
oftelatrafique,1
quee,1
noftrefel,1
defcorner,1
coufter,1
priuileges,1
arget,1
neurs,1
fcauez,1
deſquels,1
purgation,1
gouuerneà,1
trouucrons,1
celte,1
vc,1
pau,1
detoute,1
prodigalitez,1
meefcript,1
mefmemét,1
gnee,1
pauurehomme,1
coniuration,1
efcoffe,1
acfopeioüeur,1
rain,1
marchandiſes,1
áegyptiens,1
erdonance,1
leu,1
nefçauroyent,1
viét,1
quei,1
pi,1
menage,1
fauffes,1
quetous,1
auifez,1
ocei,1
douzepour,1
cinquatre,1
pm,1
furentforgees,1
pette,1
fignols,1
decadéce,1
donáce,1
mulupliétout,1
attirele,1
feule,1
mettrele,1
faccagea,1
contreuient,1
parlebillon,1
valét,1
cegräd,1
affince,1
ayme,1
ui,1
quils,1
celuy,1
quád,1
abreger,1
raportece,1
aucu,1
chacü,1
beguins,1
faifoitlors,1
cauſe,1
laifans,1
donnéplus,1
philippelelog,1
ouurages,1
degaft,1
iei,1
tro,1
eften,1
pefant,1
quiluy,1
oift,1
tátoft,1
pezant,1
quize,1
flandres,1
exces,1
confi,1
lereuenu,1
vatcu,1
noftreaage,1
yatrois,1
necelsité,1
fougnift,1
aymét,1
ya,1
prisdetoutes,1
sci,1
cft,1
xxr,1
pretieufe,1
quefon,1
declarez,1
affes,1
fir,1
nance,1
delarepub,1
guynee,1
®,1
deportugal,1
friäd,1
fetrouua,1
fçauons,1
efforcet,1
eítle,1
chacellerie,1
defera,1
ita,1
anglois,1
certair,1
domagea,1
impoft,1
guyéne,1
venutant,1
delicatz,1
gre,1
nirl,1
frequentes,1
befoing,1
confeffe,1
auísi,1
veiie,1
monnoyeurs,1
relles,1
muniquer,1
extre,1
ytrafiquoitaucunemét,1
fami,1
degrez,1
ceant,1
guaréd,1
quelemuy,1
ria,1
peupley,1
orrofion,1
armee,1
tréte,1
detrafi,1
fantletout,1
commeiladuint,1
ÿ,1
difentils,1
ls,1
lacoruee,1
aueclalaine,1
eftoyét,1
vntefto,1
ay,1
dreou,1
pourueu,1
latrafique,1
depuise,1
haufsé,1
fortant,1
confume,1
merucille,1
ren,1
aetolie,1
princi,1
lepeze,1
heureuſe,1
len,1
gcois,1
efcu,1
noyea,1
oril,1
liard,1
ftres,1
mefloit,1
efpargneroit,1
plusloig,1
conclufon,1
quer,1
quareíme,1
mefnagerie,1
eflre,1
rez,1
blanque,1
cocs,1
encheriffoyent,1
causéle,1
oint,1
recercher,1
iugem,1
fouuét,1
al,1
chofe,1
pafler,1
pefoyent,1
eftime,1
yfonttrompez,1
cebon,1
xii,1
coupebourfes,1
atgétfut,1
nefaifoyent,1
enuironnez,1
noftres,1
elleeftoit,1
xxx,1
|.,1
honeur,1
feruices,1
uir,1
pru,1
denoftre,1
chantäs,1
nefift,1
noyed,1
plób,1
veri,1
rienen,1
tenoit,1
prins,1
trefmalaifé,1
eftráger,1
triplepour,1
chi,1
poles,1
cofté,1
quiíont,1
emportoyent,1
marchandiſe,1
cofte,1
fauf,1
sil,1
fonten,1
eftát,1
borbonnois,1
aufsiil,1
feigneurs,1
anti,1
aluns,1
efpaigne,1
grace,1
dutemps,1
charlefeptiefme,1
coruees,1
velpafian,1
heliogabale,1
leures,1
beliftres,1
get,1
demou,1
haufler,1
apelle,1
patiece,1
fert,1
lafche,1
onatrouué,1
lydienne,1
lumiere,1
reur,1
incognue,1
bourgo,1
cíqquintaux,1
ioint,1
aportera,1
oixante,1
experience,1
th,1
demye,1
milliures,1
maisil,1
quandil,1
quars,1
general,1
ueux,1
foudain,1
rauages,1
fouuent,1
auroyétbon,1
altere,1
ftranger,1
ediét,1
dequatorzeà,1
aflemblee,1
preíque,1
decuyure,1
enlonce,1
euure,1
couftumes,1
matiere,1
pellons,1
ro,1
ayeencheri,1
rem,1
payfans,1
lecon,1
cfcuz,1
monnoyeen,1
miltrois,1
donnoitb,1
onten,1
benem,1
leliard,1
cefte,1
teen,1
caufec,1
fouz,1
detelles,1
perfums,1
gouuerner,1
defel,1
fón,1
email,1
alechéle,1
vinten,1
ifles,1
aprocheentien,1
accidentale,1
defpencetant,1
traitte,1
puren,1
amiens,1
necefsitéforcoit,1
accroiflemét,1
yuoire,1
läproyes,1
ciennemét,1
fabloneufe,1
nevaudroit,1
anciénes,1
suifles,1
bonténe,1
pourlemoins,1
dente,1
mefouuiét,1
dôques,1
fouragerent,1
pieto,1
quieftauiourd,1
dechiquetu,1
vot,1
lecheuereau,1
corrigees,1
fr,1
homes,1
nefçaurions,1
durerent,1
moter,1
del,1
viuiers,1
u,1
affeurc,1
cheriflement,1
dequoynourir,1
montpyrence,1
onatrop,1
noftre,1
lycur,1
trouuera,1
fift,1
éfpagne,1
faiten,1
decrié,1
ual,1
pofa,1
marqueeau,1
uoit,1
nn,1
debuoit,1
enauons,1
appian,1
gnez,1
aduiét,1
cheres,1
bretagne,1
defenfes,1
be,1
guer,1
contratz,1
fuper,1
acouftrer,1
futonds,1
fauffaireen,1
ciceron,1
medales,1
beleau,1
viues,1
prouéce,1
mefpréd,1
.&,1
delasurie,1
ánnales,1
feptannecs,1
our,1
cícuz,1
efpigles,1
venduz,1
xxix,1
auoyét,1
afra,1
lamproyes,1
vé,1
neceffai,1
pc,1
ara,1
alpes,1
fipeu,1
prufia,1
milefcuz,1
fouragoyent,1
mout,1
feruiable,1
princeviét,1
efpar,1
vefpafian,1
ciq,1
conflituces,1
p,1
monílré,1
leon,1
mo,1
pefte,1
igno,1
feulement,1
lésfouloit,1
rof,1
fuafion,1
procede,1
laronneaus,1
antoine,1
encheriffent,1
nebail,1
falines,1
dalers,1
feulemét,1
toyent,1
fciences,1
quiefme,1
aportoitlà,1
commeau,1
fetrouüetrois,1
tragedies,1
alice,1
republique,1
temil,1
necinquante,1
emportaft,1
eſtimation,1
cores,1
oftansl,1
fidele,1
fepaiffent,1
neat,1
neufuiefme,1
couftume,1
fertes,1
foldat,1
qué,1
eftoit,1
detrois,1
faizans,1
füyui,1
urplus,1
imagers,1
efperance,1
períonne,1
ve,1
gleterre,1
partiele,1
nombreen,1
quelereal,1
ik,1
meilleureterre,1
futfent,1
eftimé,1
dequatregrains,1
artizans,1
uee,1
encheri,1
roign,1
r,1
didi,1
nefe,1
cix,1
ccccc,1
helio,1
gaignedeniers,1
fte,1
refpondreen,1
grad,1
poiétiers,1
quets,1
fec,1
enuoyoit,1
foye,1
atrop,1
volunte,1
aufsieftil,1
merluz,1
arfe,1
parauapt,1
leftroit,1
puiffent,1
grafle,1
côtrairelebon,1
netrouueroit,1
dle,1
detellemonnoye,1
muy,1
mauuais,1
’,1
prefter,1
oftee,1
fi,1
mônoyes,1
lurifconfultes,1
rables,1
ona,1
ucrgnc,1
penébien,1
poitou,1
accordees,1
ditil,1
'^,1
queleblé,1
falutz,1
uoyons,1
ferrand,1
duchapon,1
nes,1
maleſtroit,1
tedefel,1
fages,1
produiff,1
prefquetoutela,1
galtez,1
viue,1
rion,1
regi,1
gneurie,1
nele,1
reunies,1
báquet,1
aduerti,1
fefiftfeigneur,1
tesfois,1
deleur,1
preur,1
liberalité,1
lecerre,1
couftoyent,1
craflus,1
ds,1
cadaftres,1
quelq,1
remberg,1
portugalois,1
region,1
ache,1
fible,1
aprins,1
larequeíte,1
vinsans,1
cícript,1
mincion,1
verroit,1
neces,1
reiglegenerale,1
prefqueautres,1
feichent,1
vnc,1
bänis,1
toutela,1
ocil,1
plei,1
rans,1
fiege,1
herpin,1
-&,1
fitoute,1
infideles,1
coftél,1
doquesladi,1
ucl,1
fubie,1
debiens,1
choſes,1
perfonneiufques,1
pastoufiours,1
he,1
nozpruneaux,1
cinquantebillon,1
cit,1
feigneurie,1
cét,1
cóful,1
ilfetrouua,1
pourueut,1
foif,1
feigneur,1
€&,1
cafite,1
entreautresil,1
ceu,1
peries,1
doncle,1
lefer,1
ripuaires,1
lréau,1
leb,1
adiugeaft,1
gafcogne,1
arempli,1
commeiemonftreray,1
cefar,1
depouille,1
difference,1
fiftaucune,1
ictrouuequela,1
richefle,1
àfoifon,1
loyent,1
payaqu,1
impofts,1
moneta,1
falfifier,1
marchandife,1
ouir,1
pourtraitz,1
comm,1
cotre,1
mme,1
pezoit,1
ainfi,1
metal,1
neur,1
euefques,1
eto,1
pauurcindigent,1
vfance,1
brouages,1
alimagne,1
boureliers,1
afsie,1
retrenc,1
egypte,1
ilafoiblit,1
decouperofe,1
grandeapparence,1
ble,1
enche,1
fauffaire,1
quetelles,1
iouir,1
voyanttoutle,1
caftilian,1
rienpourrecrouuer,1
fueilleter,1
chartez,1
sileftoit,1
deguarend,1
monítré,1
auignon,1
toulou,1
danemarch,1
cinquiefmes,1
argets,1
atrique,1
queicdien,1
aduient,1
vlc,1
galice,1
paffe,1
ciens,1
figne,1
mefmes,1
meímes,1
voudroyét,1
refque,1
refuferent,1
quifoitau,1
cymentroyal,1
feize,1
fubicét,1
faides,1
gatins,1
rofette,1
quc,1
mefprend,1
ſecond,1
feruitude,1
bres,1
epiceries,1
monſieur,1
afoiblitla,1
cefoit,1
eordonance,1
fübiects,1
roigneurs,1
decuiure,1
efte,1
septen,1
credit,1
deloy,1
fiziefme,1
degans,1
dutraite,1
ger,1
arroufe,1
efcorner,1
cometefmoigne,1
quatriefme,1
neu,1
pref,1
és,1
uctelles,1
quitez,1
fu,1
vyn,1
laliure,1
defendues,1
recouuert,1
cetouchoit,1
cognoiflroit,1
nyau,1
puiflan,1
cloux,1
faireletour,1
troye,1
cftoyent,1
liue,1
ípargne,1
champaigne,1
lestableaux,1
aportee,1
pouure,1
chaffeaux,1
loix,1
regiſtres,1
ràte,1
defenfe,1
lycurgueapres,1
preftent,1
fette,1
fortables,1
eftil,1
milcinq,1
ritanie,1
fure,1
ofaatenter,1
midy,1
metz,1
lres,1
ayían,1
iean,1
quifutautéps,1
íept,1
queftion,1
aulne,1
eaues,1
doibteftrele,1
bla,1
feruiteurs,1
seuille,1
republiquesen,1
neátmoins,1
maleitroit,1
venulebó,1
defaillant,1
detout,1
fein,1
feparemet,1
ayans,1
nel,1
monoycurs,1
depart,1
deruiffeaux,1
aportéen,1
indes,1
richefles,1
chartee,1
arr,1
apercoyuc,1
fept,1
doublerefponfe,1
paralogifme,1
efcriptau,1
ducats,1
peintu,1
pourions,1
troif,1
fubfide,1
rant,1
frácois,1
uant,1
ap,1
chofes,1
pof,1
afaire,1
quela,1
pasátoutes,1
noftremônoye,1
monnoyeelt,1
flammations,1
natouchéaucunen,1
vnecoupe,1
ouurirons,1
frác,1
tite,1
ſoixante,1
candace,1
ronne,1
eftranger,1
tiroit,1
vautle,1
auecluy,1
agde,1
encher,1
auiourdhuy,1
parcílcux,1
comeinfettes,1
mefemble,1
payás,1
luftinian,1
montét,1
drufe,1
fafräs,1
renduleverre,1
ſon,1
quiaduint,1
depline,1
devo,1
duroy,1
debois,1
feptans,1
maifon,1
efc,1
aifee,1
onc,1
leuant,1
paslebillon,1
blévin,1
laiffant,1
charons,1
marcs,1
defendét,1
iuftice,1
veuillét,1
abondáce,1
riuieres,1
ftez,1
feruent,1
grofles,1
charles,1
reduite,1
voye,1
doc,1
herodote,1
fuc,1
peutfalfifier,1
derenteil,1
cognoiffance,1
puifables,1
déc,1
aduocat,1
hauffee,1
vaif,1
egaler,1
rogéle,1
harens,1
caratz,1
lombars,1
bos,1
aiſe,1
rement,1
defquelles,1
efté,1
decou,1
uotion,1
ufsi,1
monnoyc,1
deuant,1
lefquels,1
ferois,1
pefoit,1
executer,1
excefsif,1
oeuure,1
encherir,1
ielaiffe,1
ceftefin,1
foufrir,1
verita,1
frian,1
maiflres,1
sici,1
amys,1
timocrate,1
verifier,1
quevint,1
chapós,1
viures,1
prouuoir,1
plaifans,1
apian,1
ourtefte,1
iade,1
preuuerlls,1
alemans,1
auuergnaz,1
touts,1
defonteine,1
at,1
vns,1
cefsions,1
mônoye,1
miliars,1
ilyafoixanteans,1
efre,1
debuoirs,1
oc,1
fecours,1
of,1
obuier,1
atrois,1
excefsifs,1
voituriers,1
beure,1
ee,1
àcinq,1
chäpaigne,1
rabatuc,1
seruius,1
el,1
response,1
chere,1
defaligue,1
venize,1
iufquesà,1
foufre,1
nis,1
chafferoit,1
mailtres,1
ambaffadeur,1
marchans,1
vrayfemblable,1
etnepuis,1
qbvn,1
vfent,1
quaft,1
courtizás,1
pointz,1
vnelourde,1
henriz,1
pournoz,1
voyos,1
vidoire,1
echarceme,1
liures,1
uéhommequia,1
tins,1
confumé,1
degorgent,1
efcor,1
oncques,1
fuft,1
abondét,1
eflráger,1
fonc,1
coufteaux,1
tefmoing,1
parauátelle,1
diminuaftla,1
ons,1
nebaille,1
so,1
pauurce,1
ioüier,1
prédre,1
foyent,1
pezera,1
catdie,1
renaiftre,1
vaifleaux,1
gout,1
ouuerte,1
trem,1
pretieufes,1
florentins,1
fache,1
méce,1
florence,1
appellans,1
ferrent,1
eltre,1
piedou,1
lefranc,1
dechet,1
noye,1
lesaluns,1
meímemét,1
fien,1
loüoitfans,1
artifans,1
uos,1
arcadius,1
rabaiflant,1
rb,1
francois,1
peuftrien,1
legrand,1
defirerois,1
auonstous,1
fcauoyent,1
elt,1
vfage,1
aimeroyent,1
crar,1
raifonnable,1
lepaffage,1
cepays,1
s,1
decouuert,1
dequoy,1
eraii,1
det,1
viureen,1
nois,1
gaing,1
ef,1
rohif,1
beftes,1
demy,1
fei,1
oreft,1
queletemps,1
precieufes,1
lranger,1
hirrius,1
qla,1
victen,1
indie,1
efpefles,1
ent,1
decri,1
arrachát,1
vnegrace,1
pe,1
fus,1
às,1
fuif,1
euangi,1
delis,1
cuyure,1
fcauroit,1
mau,1
galen,1
neles,1
cree,1
cauſé,1
país,1
tenat,1
censans,1
ga,1
tellem,1
varieté,1
fanfues,1
acord,1
cequela,1
deshonneur,1
frias,1
hures,1
ileft,1
chaftelet,1
ue,1
quevne,1
quia,1
quin,1
encherifsét,1
fafran,1
pofer,1
attendrela,1
retrécher,1
urent,1
mefmeraifon,1
rel,1
iourd,1
enaaufsi,1
luculle,1
fecod,1
neleregette,1
aprouué,1
artifan,1
argentfin,1
vn,1
syluius,1
ioyau,1
appelloit,1
creanciers,1
frace,1
hériz,1
humoit,1
afoixanteans,1
desterresen,1
falé,1
cla,1
caren,1
orny,1
autreoccafion,1
medira,1
moii,1
arrefter,1
merueilleux,1
degatz,1
viellir,1
deuerion,1
daciers,1
qt,1
toutesfoison,1
naples,1
epuizéten,1
vrayfem,1
cheueu,1
valer,1
manierede,1
bafti,1
aporta,1
roigneur,1
prefque,1
faure,1
mangeroitla,1
dante,1
damaf,1
der,1
cultiue,1
proces,1
aduienent,1
piece,1
ordonances,1
mede,1
mefmealoy,1
fols,1
larequefte,1
pauurene,1
plaiſir,1
pri,1
lement,1
ftoyent,1
enuyi,1
oceane,1
foubs,1
dechofes,1
ournee,1
galte,1
ciui,1
auoir,1
maintenàt,1
richeffe,1
ray,1
pasiuger,1
confumét,1
may,1
mefimes,1
couftumed,1
plai,1
arragon,1
carauáne,1
euffent,1
orleans,1
decriantles,1
moftré,1
vfade,1
hiſtoires,1
biés,1
pluftoft,1
raualla,1
bills,1
nc,1
íoit,1
xaintonge,1
laiffeà,1
vneobie,1
lendes,1
eftrecreu,1
raporteà,1
etrouua,1
fieure,1
quoy,1
commeeftl,1
ciennes,1
reraon,1
print,1
filan,1
cheffes,1
aporter,1
feche,1
baille,1
folde,1
lefeftier,1
perir,1
prefent,1
xvirr,1
confeillé,1
pezetrois,1
bruflé,1
biéil,1
môfieur,1
onas,1
cheual,1
artiſans,1
íonnes,1
parangonné,1
po,1
ji,1
valoit,1
prouerbe,1
fçauez,1
pa,1
cef,1
neceffaires,1
vfuriers,1
fuflent,1
galité,1
uaree,1
anciénement,1
bouríe,1
emyl,1
laloy,1
monftrébel,1
pasla,1
efpai,1
feraportent,1
veni,1
aifement,1
horsmis,1
diroit,1
rié,1
ansapres,1
pafferay,1
michell,1
equalité,1
ferot,1
bles,1
boutbon,1
decetemps,1
craffus,1
aluarez,1
quelóg,1
gaignent,1
cynabre,1
fair,1
chäcelier,1
faifant,1
effay,1
pauure,1
croyans,1
inepuifables,1
trencher,1
den,1
leconté,1
",&",1
tefte,1
ordinaireeft,1
trouuerons,1
mouli,1
pourrefiouir,1
cu,1
quat,1
fçauroit,1
detellemonoye,1
ícaux,1
acableroit,1
paſer,1
mef,1
afoiblie,1
timation,1
particulieres,1
uenuz,1
voi,1
mefpris,1
eftimee,1
:&,1
censtalens,1
irure,1
feul,1
stre,1
aniou,1
exem,1
sms,1
vigneros,1
latroifiefme,1
-.,1
ceróyaume,1
aimét,1
gaiac,1
leiochin,1
detou,1
onme,1
venetiens,1
reuient,1
prifec,1
rarit,1
voittoutes,1
ferdinád,1
fçauoir,1
alma,1
vings,1
falfificatore,1
afles,1
guyen,1
ocea,1
dequantitédeblé,1
tou,1
dependant,1
desexces,1
folus,1
monoyeurs,1
aye,1
ofcius,1
lerichevoyant,1
cfgaléla,1
cult,1
eftant,1
leroy,1
quaráteou,1
todu,1
delabeur,1
ge,1
romaigne,1
laterre,1
raine,1
foufrirvnetelle,1
eglize,1
dy,1
mefme,1
malai,1
nefont,1
portele,1
propt,1
aflafiné,1
confiderable,1
merueilleufe,1
prefquestous,1
plefe,1
ceftoit,1
————————,1
detail,1
nobleffe,1
baronnies,1
mauuaife,1
liquefiees,1
couftaffent,1
vo,1
oreftil,1
vfe,1
sé,1
quelqueedict,1
poyet,1
xv,1
monoye,1
cequia,1
necouftoit,1
eftudiet,1
ayfees,1
fecond,1
grads,1
fétoit,1
vi,1
voudroit,1
yn,1
xxv,1
paflant,1
toutainfi,1
ure,1
fepticíme,1
efclaue,1
mouelle,1
sarafins,1
ny,1
fale,1
íouz,1
conuenableaux,1
efp,1
ameinefes,1
meilleuresterres,1
poiflon,1
foibles,1
annee,1
muale,1
ayàt,1
agreables,1
icellevn,1
degoufté,1
angelotz,1
ref,1
vneterre,1
faudroit,1
foy,1
veid,1
touftours,1
anciés,1
memoire,1
mefmetitre,1
paroir,1
ges,1
appetitz,1
guerir,1
puiſſance,1
boteaux,1
requefte,1
commeà,1
moníieur,1
thode,1
jeuát,1
republiqueen,1
tem,1
foixan,1
œuure,1
pasles,1
blàcs,1
habitàs,1
demofthene,1
arriere,1
rendoit,1
yavn,1
cotratz,1
-/,1
vaudroit,1
fuffit,1
dragme,1
ayat,1
onttoufiours,1
deioyauliers,1
orle,1
pierreufe,1
viclefcu,1
bruflerent,1
gaignoyent,1
trouué,1
affcu,1
lam,1
lombard,1
chapon,1
fuyui,1
deloire,1
toulouze,1
alles,1
refteroyent,1
oules,1
caufequele,1
defes,1
ceffer,1
ainft,1
leil,1
uequele,1
fcigneurs,1
legion,1
ſalez,1
quenous,1
e,1
rand,1
quát,1
eaulnede,1
apicius,1
nouuelle,1
flameng,1
conuertir,1
ceuure,1
cenez,1
gift,1
fumee,1
vray,1
hommeaccompli,1
quien,1
bailler,1
re,1
romme,1
blancheeftoit,1
denouueaux,1
medins,1
râce,1
cafsé,1
aufsila,1
coit,1
quinquallerie,1
perfonnes,1
fpeciale,1
touchat,1
em,1
dontla,1
puifleiuger,1
vifue,1
falfi,1
voyat,1
delatraf,1
francons,1
lequelil,1
enuoyer,1
fçait,1
faleures,1
foudaii,1
viel,1
delachambre,1
polybe,1
fainte,1
mc,1
tius,1
rr,1
qiepenfeen,1
vouloit,1
ftain,1
budé,1
pofsiblequ,1
falíi,1
nauires,1
conſeil,1
alarbes,1
heureuſement,1
peupleinfini,1
auez,1
totiche,1
ar,1
sf,1
ncatmoins,1
trouucra,1
pofsible,1
caufee,1
queceluy,1
ree,1
cllen,1
regiftres,1
eít,1
àlalongue,1
paduenir,1
gm,1
decouper,1
taxees,1
loguement,1
raporte,1
abufentà,1
ftatz,1
.(,1
iu,1
fles,1
ayfé,1
graceabien,1
neufiefme,1
siles,1
ftinian,1
cornadiz,1
auecceux,1
hydropifies,1
lebillon,1
gagneren,1
brieuement,1
echarfement,1
efcholier,1
nto,1
iugemet,1
iugee,1
tages,1
peza,1
clt,1
locondalle,1
aperceüe,1
teítons,1
ceffoyent,1
mettoit,1
ws,1
relebadin,1
cinquäte,1
aautantà,1
v,1
ir,1
lide,1
qi,1
nones,1
verifié,1
detant,1
queen,1
malſain,1
eftéla,1
capnoe,1
flaterie,1
coignees,1
pian,1
bler,1
auſsil,1
loing,1
grädeur,1
arreftent,1
tres,1
vucille,1
billon,1
nefues,1
iuftes,1
fauffaires,1
qua,1
erofió,1
neparle,1
fenfes,1
yoyos,1
feroiterrer,1
œuures,1
nye,1
cít,1
letemps,1
hiftoriens,1
efcus,1
angleterrea,1
vneiniurefaiteà,1
cheptoyent,1
àcheual,1
euiter,1
decrier,1
uftiniä,1
prefta,1
necefläires,1
diminuec,1
nem,1
douzegrains,1
afamée,1
cer,1
voireiufques,1
pourſuite,1
nià,1
prouient,1
cetemps,1
autát,1
affeuree,1
prouucr,1
ſeigneur,1
haufle,1
remedier,1
mefchans,1
languedoc,1
couftera,1
normádie,1
commeefcrit,1
gardecen,1
mefíme,1
av,1
remonftré,1
ie,1
poiffons,1
mónoyeurs,1
auions,1
trancheala,1
touraine,1
tx,1
foudainleco,1
valoyét,1
dechair,1
limoneufe,1
achepter,1
difecout,1
cizaille,1
neméttenir,1
riffement,1
cin,1
ontefté,1
iefme,1
ayát,1
cofefsé,1
laiournee,1
bodin,1
uoy,1
feigle,1
fenti,1
perfans,1
cefton,1
treprinfe,1
malfaines,1
mar,1
bt,1
contredic,1
pourl,1
fardine,1
védue,1
follicitentles,1
commeles,1
poillon,1
courtizan,1
monftrant,1
efcripts,1
iamais,1
forgees,1
falans,1
àeux,1
conſeiller,1
veielles,1
veftemens,1
ſeur,1
luqueaux,1
demonftrátion,1
tilité,1
quátité,1
leuer,1
peuuét,1
scatophages,1
ofteroyent,1
raport,1
foixante,1
paul,1
pinatel,1
defoubs,1
maifons,1
clenard,1
indifferentes,1
doibteltre,1
fauua,1
renttellemétafsiegez,1
debuoyent,1
faithorsle,1
plufteurs,1
iafpes,1
maiftre,1
fouyr,1
vneinfinité,1
raifons,1
empefche,1
encheriffant,1
decoupe,1
pouroyent,1
permife,1
luyà,1
ex,1
aragon,1
bie,1
fes,1
gregeois,1
achepteroit,1
pairoyét,1
——,1
onle,1
aporté,1
àlacadene,1
fubtilement,1
rice,1
cequi,1
portugaloife,1
xandre,1
eltoyent,1
uc,1
euct,1
eftvn,1
che,1
chifré,1
quetroquer,1
galt,1
mahomertiftes,1
monfict,1
tourn,1
gerent,1
arracheroit,1
pro,1
carileft,1
aufsitrouuos,1
tre,1
dic,1
abominatio,1
eftimatic,1
uentl,1
homologuees,1
ement,1
mediterra,1
couchät,1
goths,1
moye,1
cheries,1
cheriz,1
quafi,1
dixhuitgrains,1
prodi,1
rép,1
chaf,1
queleieu,1
comeiladuint,1
feptief,1
comeie,1
nicrs,1
ietre,1
gráde,1
maleftroit,1
ariſtophane,1
‘,1
fortaigremét,1
ateur,1
platon,1
durbi,1
aduiendroit,1
carle,1
ommencé,1
aloy,1
quetout,1
rai,1
ainſi,1
eftran,1
cótraint,1
monnoyeblan,1
héry,1
cen,1
puiffance,1
diamét,1
faufle,1
defen,1
covr,1
ceroyau,1
expediet,1
reux,1
apres,1
differens,1
nouueau,1
tefmoine,1
oo,1
barut,1
foufleurs,1
confequét,1
reduit,1
danrecs,1
gneurs,1
fusle,1
peupleredóde,1
cayre,1
femblable,1
paffc,1
poiffon,1
onques,1
auantageen,1
cetéps,1
comines,1
ceſt,1
minorque,1
obeyr,1
peutonquestrouucr,1
raporter,1
doibt,1
dutout,1
alteroit,1
connins,1
deric,1
oci,1
philippele,1
maroch,1
groffes,1
atit,1
lesflateurs,1
enla,1
gräd,1
abon,1
pointjil,1
delaterre,1
come,1
occaſion,1
c,1
rablesau,1
nt,1
prouifeur,1
commeil,1
boutiqueen,1
laille,1
decouure,1
ziefme,1
lesgrands,1
desgrandsfeigneurs,1
difcre,1
gentilz,1
prouer,1
larepublique,1
liage,1
xxu,1
ecoffois,1
quecinq,1
marchadifes,1
peuuentlonguement,1
commceil,1
prefence,1
floriren,1
feruir,1
onqs,1
veilleffe,1
riau,1
tantoft,1
plusfoigneufemét,1
terile,1
poit,1
comelon,1
tin,1
commeie,1
toutel,1
moy,1
lybie,1
detreize,1
defailloit,1
aume,1
impofale,1
laforgeátau,1
autrechofe,1
aufsibien,1
floren,1
permift,1
mefinefaute,1
troi,1
depend,1
tefto,1
ine,1
marchädifes,1
chil,1
auoinecinq,1
defcouure,1
entéduz,1
viuét,1
limoufin,1
commevn,1
eftrangerne,1
caufes,1
rag,1
peze,1
alumet,1
herules,1
voitutier,1
defaint,1
fuftel,1
nourice,1
fent,1
zc,1
prefqueles,1
eftimce,1
naiftre,1
entreautres,1
touslesans,1
“,1
grád,1
creuent,1
confenremét,1
liure,1
deueroiteftre,1
affeurance,1
hoftie,1
conſiderable,1
conſume,1
brefl,1
enuirons,1
appellons,1
icalie,1
donclafermeacreu,1
pouroit,1
paf,1
pattel,1
pezät,1
barbariciufqs,1
cepteray,1
europe,1
monoyeur,1
ofsible,1
creancier,1
oye,1
gelot,1
mauuaifes,1
cccc,1
íub,1
lans,1
ane,1
maleable,1
deuxief,1
fonnierhuitans,1
quafitout,1
roigné,1
fon,1
pereur,1
dommaine,1
defe,1
murenes,1
delenche,1
seraph,1
her,1
ide,1
árget,1
àtou,1
fücét,1
hon,1
defendirét,1
auuergne,1
blafmoit,1
ena,1
ale,1
pil,1
ambaflades,1
eftans,1
eícu,1
gouft,1
maisily,1
defpédre,1
dece,1
entédu,1
falpe,1
ánnibal,1
confeffer,1
celt,1
cheren,1
foixanteans,1
appelleroyne,1
veu,1
creé,1
d,1
nent,1
ceftuy,1
cinquanteliures,1
acheptees,1
iufqs,1
gét,1
monftreray,1
quaráte,1
triumphe,1
murene,1
fánglier,1
iointaufsi,1
fion,1
fric,1
peíche,1
—,1
tendrele,1
ruinoyent,1
boulogne,1
pauureté,1
hebrieu,1
ench,1
zent,1
aduint,1
preítre,1
cicero,1
loüent,1
decriant,1
meflange,1
daces,1
defpencer,1
my,1
lalon,1
pastoutes,1
fontencheries,1
àlaliure,1
lours,1
trenchees,1
banqucroutiers,1
icelle,1
femondre,1
aubeine,1
difons,1
lor,1
ix,1
ceflèr,1
nyaux,1
uantaux,1
huitiefme,1
plusoutre,1
periffable,1
quante,1
eftain,1
plob,1
«,1
adonnoit,1
hyuer,1
eny,1
ineuitable,1
tédre,1
deflus,1
aifemét,1
ephefe,1
pere,1
nefonner,1
mefprifa,1
prifonnier,1
acthiopie,1
entroificfme,1
ouil,1
nevoulutiámais,1
fiueen,1
quelds,1
aifance,1
eftoyent,1
suede,1
prouifio,1
difoit,1
battir,1
deprendrevneannee,1
eſt,1
arreftee,1
feftier,1
ars,1
eftar,1
fuyueront,1
lecontraire,1
gene,1
athenes,1
calamitez,1
iufquesaux,1
ayt,1
onretrencheroit,1
antonin,1
difes,1
di,1
extreme,1
metuo,1
duquella,1
affeure,1
legentil,1
orettl,1
fembloit,1
onteu,1
gardee,1
leturbor,1
iour,1
qle,1
varron,1
lemét,1
yabié,1
richeffes,1
pluſieurs,1
::,1
ïentends,1
changemens,1
giftres,1
cecoup,1
faifoit,1
proye,1
dement,1
mefine,1
falee,1
leen,1
eftoyétincognuz,1
deremede,1
pline,1
perdris,1
putez,1
coffe,1
fuyuent,1
garnifon,1
demonſtration,1
croiffent,1
ftes,1
prefté,1
noyeurs,1
terreftre,1
orau,1
meurant,1
cómele,1
ét,1
tans,1
vneautreoccafion,1
cequei,1
ioüeurs,1
àla,1
daufsi,1
croy,1
iuifs,1
barba,1
premierementl,1
vnà,1
egardau,1
falfificen,1
ays,1
propor,1
onneverroit,1
exquifes,1
aperceuft,1
fépmaine,1
vuide,1
pefans,1
conin,1
femblables,1
quelemarchant,1
eft,1
habituerent,1
ple,1
contreuiennent,1
eftat,1
œufs,1
ptentrion,1
mxá,1
luquois,1
lutzéburg,1
perfonne,1
mouto,1
ac,1
gagnét,1
lc,1
marchädife,1
reglee,1
eneuft,1
prui,1
.»,1
faifoyent,1
confiftoriaux,1
advocat,1
alexandrie,1
aur,1
debeaucoup,1
aualla,1
cueur,1
cótez,1
auant,1
couróne,1
generáux,1
exeple,1
nómé,1
anciéneté,1
leilà,1
monnoyed,1
donaà,1
encheriffement,1
-———,1
ioitaufsi,1
encores,1
perfonages,1
parauant,1
aus,1
excufer,1
dedie,1
dele,1
pierrés,1
taxces,1
eftla,1
dephilippele,1
friandi,1
réte,1
malcaduc,1
penfer,1
agreable,1
mei,1
prouiftons,1
maifo,1
fem,1
eftágs,1
eftourneaux,1
faignec,1
courtifans,1
pofec,1
deliberté,1
feigneuries,1
anicu,1
euantee,1
couftaux,1
peutiuger,1
:(,1
ordonance,1
ant,1
fuff,1
eroit,1
oula,1
eftatz,1
princen,1
fcience,1
quelu,1
pétiers,1
infolences,1
vniones,1
trouuerions,1
roba,1
nefut,1
vifargent,1
diuersaloy,1
quaran,1
eftranglez,1
cognoift,1
polé,1
llralie,1
friant,1
chaffe,1
remonftrans,1
aduenir,1
cuyr,1
ayfee,1
mierement,1
auoitlecredit,1
decrient,1
enuiron,1
reuni,1
pauures,1
uifs,1
lebeftail,1
blable,1
popéeconquift,1
maiorque,1
fanté,1
oulon,1
troisliures,1
oràvingt,1
efturgcon,1
figrans,1
cheuaux,1
dc,1
fluitez,1
hu,1
aſie,1
noftreroy,1
nyteigneux,1
aueuz,1
erainen,1
homolo,1
eíclaues,1
tirerent,1
valois,1
departi,1
roſe,1
pefchons,1
faifoiten,1
mouleurs,1
valee,1
anciennemét,1
marius,1
loy,1
lesanciens,1
tefmoig,1
lay,1
damafque,1
mation,1
tell,1
creme,1
dontil,1
auec,1
fubieët,1
--,1
eftomac,1
voyent,1
[-,1
befoin,1
touc,1
auoyet,1
trouuerôs,1
»,1
fráce,1
efgal,1
boufons,1
alexandre,1
confequet,1
trebufchans,1
veüc,1
grece,1
decriee,1
rent,1
gez,1
fentir,1
paffer,1
violec,1
debalafres,1
cercher,1
puiffan,1
abaiffer,1
pastant,1
defendu,1
cffor,1
male,1
loit,1
aueux,1
budéa,1
farançon,1
oe,1
queleno,1
noircift,1
ques,1
ieux,1
faix,1
chafler,1
remede,1
afscoir,1
neufues,1
saba,1
marquee,1
rofet,1
letonneau,1
cétans,1
valuft,1
louys,1
entoutel,1
cíti,1
ic,1
eftantvne,1
negus,1
ennemy,1
mauuai,1
cómun,1
saladin,1
lefquelles,1
pourift,1
mouuoir,1
cefteheure,1
gaftoyent,1
portaft,1
cout,1
medecins,1
diray,1
lem,1
valéce,1
leton,1
septentrion,1
ouurage,1
prifee,1
affoibliz,1
conterond,1
g,1
ures,1
debled,1
pofsi,1
€,1
mift,1
erád,1
fecretementau,1
toft,1
fainteté,1
ot,1
faitedtouterigueur,1
courtizans,1
acorde,1
fc,1
enuoyerent,1
uce,1
deu,1
cauf,1
vifqueux,1
paflereaux,1
donance,1
eurs,1
traian,1
charté,1
ofe,1
ó,1
queleroyen,1
permettoit,1
mono,1
mier,1
euft,1
perpetuelle,1
fibonne,1
fouleret,1
diminutio,1
defoy,1
ceftecharité,1
puluc,1
máger,1
ditauoit,1
quefe,1
diminuerny,1
jtabo,1
vfagehumain,1
afriandez,1
quehuit,1
hauf,1
vilfe,1
lacedemoniens,1
capi,1
receuoir,1
endant,1
hard,1
fergeát,1
trafiquoyent,1
defeigle,1
fubics,1
nepeuuent,1
moftros,1
bië,1
mefchät,1
reftoyét,1
eftimees,1
chartiers,1
furét,1
monftre,1
mofieur,1
afsieger,1
chans,1
creprinfe,1
lepeuple,1
cauoir,1
tenoyét,1
legouft,1
traiteforaine,1
fumees,1
netrou,1
lv,1
laiffons,1
enrichiroit,1
macedoinc,1
caftille,1
gaftent,1
eire,1
toutle,1
gou,1
dines,1
vnefois,1
tenàt,1
peupleayme,1
vne,1
ethio,1
creu,1
mefler,1
repi,1
gráds,1
traiteà,1
prin,1
udis,1
mefmetéps,1
enauoit,1
lacharté,1
londres,1
mek,1
outreles,1
acent,1
seit,1
aloyez,1
epic,1
prifees,1
debuons,1
choſe,1
ti,1
eftiamais,1
receu,1
baltiq,1
reuiét,1
encherift,1
neut,1
debillon,1
bié,1
marchandifeà,1
crees,1
nefaut,1
chee,1
confumer,1
eígaux,1
auoit,1
eſtoit,1
huictiefme,1
abonc,1
"],",1
rre,1
facevne,1
tines,1
íoigneufeméc,1
trouuét,1
iournees,1
couft,1
vien,1
mäge,1
trouua,1
vou,1
q,1
charrettee,1
iles,1
ordona,1
biéen,1
deci,1
téps,1
ontiamais,1
afleurees,1
_n,1
bœufs,1
dere,1
eftimer,1
chapo,1
pefcher,1
royne,1
toufiours,1
iacoit,1
li,1
peres,1
fà,1
quieftlepris,1
hiftoires,1
pourferenger,1
efpaignol,1
afiquetz,1
gc,1
deblé,1
pezát,1
ec,1
receura,1
diziefme,1
feptiefme,1
fçauent,1
defriché,1
mondenelesa,1
epygte,1
apprins,1
ratz,1
trebufchäs,1
premic,1
fruftrant,1
auos,1
meona,1
quelquetemps,1
loüange,1
lavilleferoit,1
heureauoir,1
alun,1
perſone,1
co,1
foleil,1
difner,1
voilalefeul,1
quieftvne,1
beftail,1
aflopies,1
moder,1
derente,1
certa,1
quäd,1
tefmoignent,1
reftent,1
cut,1
fiftles,1
pouuoit,1
finäciers,1
tripoli,1
facon,1
età,1
veüe,1
tofcane,1
iniure,1
veſte,1
mecaniques,1
deperir,1
raifon,1
pluficurs,1
parlaloy,1
plaidoye,1
carefme,1
roturiere,1
croiílre,1
mediterranee,1
portoit,1
treforiers,1
auantage,1
oiffons,1
pors,1
àtousles,1
renouuelaft,1
ebahir,1
pafques,1
charettee,1
prife,1
trebuchans,1
faufleté,1
trouuoit,1
douzain,1
moureux,1
aliance,1
yauoitentrelesefcuz,1
fommes,1
empiran,1
craignat,1
-—,1
comun,1
laiſſant,1
àl,1
ceur,1
quieftoiten,1
ja,1
uonsiuftement,1
da,1
perie,1
difcouru,1
execrables,1
ten,1
coufte,1
quàáteans,1
quitienent,1
feloger,1
uil,1
expedient,1
cotraire,1
fpagne,1
fallites,1
neletrouuenten,1
cho,1
lean,1
iuger,1
clle,1
elil,1
dn,1
làlepris,1
lemans,1
forefts,1
nefutia,1
acheptét,1
fuffira,1
eutbien,1
queleroy,1
normandie,1
floréce,1
reme,1
geneuois,1
comandoyent,1
drian,1
chemifes,1
lepis,1
gent,1
cy,1
duchez,1
aufsi,1
figu,1
quimefemble,1
haufloit,1
bourges,1
quitourneroit,1
loitlors,1
fayfoye,1
argenten,1
frácoifes,1
defireq,1
pafla,1
strabon,1
accom,1
republids,1
renger,1
derofette,1
aprochenten,1
neantmor,1
angleterre,1
na,1
prouinces,1
molues,1
oi,1
porceaux,1
vnefoisepuizéne,1
boteau,1
minieres,1
preuue,1
lourdaut,1
efpagne,1
tontoft,1
milrais,1
enuy,1
luy,1
couftoit,1
faireiuftice,1
ſoleil,1
maintenacen,1
ferionsen,1
fouuerais,1
trion,1
fruitz,1
toucheray,1
pouuos,1
empe,1
ral,1
fifque,1
lesan,1
acces,1
apercoyue,1
nepeuft,1
leprofit,1
marces,1
tieufes,1
fele,1
xxi,1
douzebotes,1
monnoyes,1
catz,1
philippe,1
dester,1
anuers,1
egal,1
chois,1
quelqu,1
faitla,1
afinátau,1
voluptez,1
pezante,1
aduientil,1
foldats,1
eftre,1
alterees,1
aliage,1
maiſons,1
fubiects,1
meridio,1
prennoyent,1
maree,1
faifoitl,1
;',1
particu,1
bourbônois,1
roit,1
fçair,1
huy,1
ncat,1
deferte,1
quenon,1
lesraifons,1
price,1
quls,1
henry,1
neit,1
chofesil,1
alexandreluy,1
eflle,1
noyc,1
œil,1
icy,1
ze,1
cera,1
nefait,1
quichangela,1
:.,1
ontautres,1
noflres,1
fources,1
elemens,1
achepté,1
gran,1
conquefte,1
chandifes,1
reftitua,1
ancié,1
mófieur,1
iofeph,1
conneren,1
vntreute,1
angloiste,1
septétrion,1
elpagne,1
fontinfiniz,1
baltique,1
vrrr,1
ns,1
habi,1
elcu,1
deuxicíme,1
enrichiroitleroyaum,1
doleances,1
quionteftéaliences,1
meilluftre,1
atrouuéen,1
fimplicité,1
monni,1
teftonsau,1
oucent,1
hers,1
détemps,1
fterile,1
poi,1
papiria,1
eſpagne,1
quatrecaratz,1
temp,1
ordon,1
payra,1
mad,1
dero,1
couftoitau,1
pout,1
noyent,1
repub,1
menuifiers,1
aa,1
o,1
foyet,1
fübiet,1
fournaize,1
debonnes,1
gny,1
turufe,1
euefque,1
xxtr,1
croyre,1
eímeute,1
penitéce,1
vrayfembla,1
neferoit,1
emportee,1
furplus,1
deftroit,1
carla,1
femblableà,1
dridigo,1
onquces,1
metaux,1
compa,1
fortent,1
pagnol,1
orfeures,1
quite,1
frique,1
fauorifee,1
fuperfluité,1
exéple,1
raportos,1
nauarre,1
iournee,1
efpeffe,1
feigneuren,1
poiflons,1
apo,1
auon,1
tefton,1
recompenfe,1
aidoyent,1
caus,1
mefinement,1
rhaphael,1
quatrecens,1
",.",1
apresil,1
cha,1
romméles,1
proportio,1
onttoufours,1
turelleppourueu,1
reuoyant,1
defgré,1
auſi,1
pourache,1
toutesfois,1
petitz,1
voy,1
commel,1
nercíte,1
aco,1
fontletefton,1
cítimee,1
trouuons,1
tomberét,1
efcarlate,1
mans,1
niers,1
fubicéts,1
merucilleux,1
pezanteur,1
natolie,1
nierjau,1
conuenable,1
solidus,1
blequele,1
douzains,1
ran,1
butinerét,1
cheriffemet,1
fallir,1
hauffer,1
contrefchange,1
otho,1
f,1
gnoiftre,1
caril,1
tienent,1
fueil,1
deuroit,1
parefleux,1
coclure,1
precieux,1
francz,1
tent,1
detous,1
employaffc,1
acentans,1
actoliens,1
com,1
vendreen,1
cftre,1
duk,1
uoir,1
donnétloy,1
habitäs,1
voyás,1
ll,1
hómelibre,1
aflaifonnaft,1
feneftre,1
ceres,1
iauneleiour,1
fere,1
enuiellir,1
uand,1
bone,1
hom,1
bretaigne,1
moyéa,1
age,1
deferts,1
dumoulin,1
combatu,1
nozap,1
blachir,1
cuſt,1
anciésla,1
employafsét,1
decrietoutà,1
letrouuera,1
caufelebon,1
auoitanciennement,1
zons,1
plätureux,1
vui,1
pefcha,1
oftät,1
fiffent,1
reales,1
glois,1
tellemét,1
gumens,1
cétenier,1
moqueauiourd,1
b,1
mu,1
olces,1
argét,1
florentin,1
arien,1
pren,1
faint,1
védre,1
eur,1
retrencher,1
mónoye,1
fant,1
chaffemarees,1
cesansapres,1
lacedemonne,1
donoit,1
ugufte,1
becfigue,1
lieures,1
fel,1
fraiz,1
abien,1
pezét,1
quifonta,1
fontencores,1
coupoyent,1
cleopatre,1
auroic,1
lesbaux,1
poulle,1
ſolde,1
preuueau,1
feroyét,1
naturcl,1
françois,1
enuers,1
tournoyentle,1
relle,1
autremét,1
difeincognue,1
entrefuiue,1
merueilleufement,1
gardoiten,1
ofter,1
ceferoit,1
debteur,1
quali,1
vignerôs,1
card,1
ícu,1
curedens,1
letrou,1
cinquátecinq,1
xix,1
pareilsexeples,1
auroitbien,1
valoitfoixante,1
meíme,1
neftoit,1
erand,1
——————,1
aduantage,1
fique,1
alexadreseuere,1
fouphre,1
more,1
aeftéil,1
godfroy,1
cuiure,1
vilité,1
terreftres,1
liétz,1
eftrange,1
defpendre,1
meftail,1
auxloix,1
auis,1
uát,1
bœuf,1
touf,1
dre,1
contracts,1
annees,1
mé,1
monoyes,1
brieuemét,1
cóme,1
milions,1
quirecerchera,1
ainf,1
foulageroit,1
communceftimation,1
gardecpar,1
monftrer,1
quelerofion,1
lä,1
felne,1
nec,1
employe,1
desar,1
yregardede,1
empiráce,1
quinzeliures,1
vti,1
rendreautant,1
gtie,1
auoyentmisen,1
rodon,1
vnze,1
lafoye,1
fix,1
fannia,1
commeiladu,1
venetiés,1
molefter,1
deleursbiens,1
ber,1
ditz,1
nin,1
ocuures,1
tanto,1
ved,1
vrayeftqu,1
pieces,1
auraport,1
auc,1
prenoyent,1
commeapéféledo,1
imob,1
sulla,1
chaffez,1
