Readability,82.46
,
word,count
""".",1
#/,1
&&,1
&',1
&(.,1
"&,",1
&-,1
&.,1
&...-,1
&/,1
&:,1
&;,1
(.,1
)-,1
*],1
"+,",1
+:,1
",&",1
",,;;;",1
",.",1
",.&",1
",:",1
",;.",1
",|",1
-#,1
-&,1
-',1
--,1
-.,1
-:,1
-],1
-{,1
-{},1
-—,1
".""",1
.&,1
.',1
.),1
.*,1
".,",1
.-,1
..,1
...,1
....,1
..:,1
..—,1
..….,1
.:,1
.—,1
//|,1
/^,1
/—,1
:&,1
":,",1
:-,1
::,1
:},1
;&,1
;.&,1
;:,1
;|,1
=.,1
=:,1
>.,1
?&,1
?.,1
?:,1
[&,1
^-^,1
^.,1
^?,1
^^,1
^»,1
_etifices,1
_fimplement,1
_hepgloire,1
_medifentles,1
_pourlerédre,1
_trefgränd,1
_wtiles,1
aage,1
ab,1
abbayent,1
abbreger,1
abfurdité,1
ables,1
abuferoit,1
abufez,1
abódáce,1
ac,1
aca,1
academiques,1
accidens,1
accompai,1
accufez,1
accó,1
acheué,1
acompagnec,1
acomplir,1
aconftanices,1
acorde,1
acouftumé,1
acquerir,1
acquife,1
acquifes,1
acquifessaurant,1
acquifition,1
acquifitió,1
act,1
acti,1
actiac,1
actiues,1
actió,1
actiós,1
acufer,1
ad,1
adhe,1
adioufte,1
adiouter,1
adiuge,1
adreffant,1
adreffe,1
adrefle,1
adrnpréçai,1
ads,1
aduel,1
aduenir,1
aduenirà,1
aduienent,1
aduient,1
aduifez,1
aduifé,1
aduis,1
aduiét,1
adul,1
adulteres,1
adültere,1
ae,1
aect,1
aes,1
aet,1
af,1
afca,1
afcauoir,1
afcuoir,1
affaffiner,1
affcuree,1
affcuráce,1
affcái,1
affetion,1
affeurant,1
affeure,1
affeurer,1
affeurons,1
affeurée,1
affez,1
afficger,1
affin,1
affinqucles,1
affiuc,1
afflictions,1
affluéce,1
affrique,1
affticain,1
aftronomie,1
age,1
agereable,1
agiffe,1
agitaucunement,1
agió,1
aia,1
aiafi,1
aidát,1
ailee,1
ailque,1
aimeroit,1
aimát,1
ainf,1
ainfc,1
ainfi,1
ainficftil,1
ainfiqu,1
ainfitráché,1
ainfivoid,1
ainifi,1
ains,1
ainsau,1
ainsauffi,1
ainſi,1
aiplaceen,1
airdeusarle,1
aittoutes,1
aiét,1
aj,1
alacreaturefoit,1
alamebeftiale,1
aloyent,1
aluy,1
aléxandrele,1
am,1
amaffer,1
ambaffadeurs,1
ame,1
amebrutale,1
ames,1
amever,1
amortila,1
amy,1
améce,1
améder,1
anaxagoras,1
ance,1
anciés,1
aneantiffent,1
aneantiroit,1
angele,1
angelique,1
angevin,1
aniraifon,1
ant,1
ante,1
antiq,1
antray,1
antát,1
any,1
ap,1
apc,1
apies,1
apo,1
apollon,1
appartienentà,1
appartiét,1
apparécédevo,1
appe,1
appelecs,1
appellét,1
appeloit,1
appeloitil,1
appetis,1
appetit,1
appetits,1
appreñnent,1
apprisd,1
apres,1
aprez,1
aprigre,1
aproche,1
aprésla,1
apt,1
apuyer,1
aqui,1
aquiertil,1
ar,1
aradoxe,1
archimede,1
archite,1
arde,1
ardenteäffeétion,1
argu,1
argumét,1
arguméts,1
ari,1
arien,1
arienplusmud,1
arift,1
ariftoge,1
ariftote,1
ariftotes,1
ariltote,1
ariſtote,1
arr,1
arrdgans,1
arrefter,1
arrian,1
arriere,1
arrían,1
arse,1
arte,1
artifan,1
artiftote,1
artisäs,1
artiſan,1
at,1
atachez,1
ataint,1
ateindre,1
ates,1
atheiftes,1
atien,1
atiftotenefic,1
atilius,1
atrefter,1
att,1
attaint,1
atten,1
auant,1
auantage,1
auantages,1
auatice,1
aucati,1
aucc,1
auccioi,1
auciimoyé,1
aucu,1
aucunemét,1
aucz,1
aucü,1
aue,1
auec,1
auecles,1
auerroës,1
auertiffemens,1
auet,1
auettir,1
aueuglement,1
auez,1
auf,1
auff,1
auffi,1
auffien,1
auffila,1
auffiny,1
aufft,1
aufi,1
aufli,1
augufte,1
auliure,1
aumofne,1
aumofnes,1
auoir,1
auoirlieu,1
auois,1
auoit,1
auons,1
auonsaffez,1
auovyét,1
auoyent,1
auquelil,1
auquelondauoit,1
auradonc,1
auratrouué,1
aure,1
aureilles,1
auroit,1
autremét,1
autremétla,1
autruy,1
autré,1
autréobieët,1
autrüy,1
autte,1
auttes,1
autát,1
autátplus,1
autât,1
auvray,1
auxtróis,1
auát,1
auós,1
auôs,1
auſi,1
avrayc,1
avri,1
ax,1
ay,1
ayans,1
ayent,1
ayme,1
aymerde,1
ayás,1
ayát,1
ayätefté,1
ayósà,1
aétions,1
aétiues,1
aétiôs,1
aícauoir,1
aüttemét,1
b,1
ba,1
baffer,1
bafile,1
bafir,1
bafteleurs,1
baftiment,1
baillé,1
barrieres,1
batiment,1
batue,1
bbtjeloigdend,1
bdiables,1
bdonné,1
be,1
beatü,1
beaucou,1
beaute,1
beautez,1
befiigné,1
befoin,1
beftc,1
befte,1
beftes,1
beftia,1
beftiale,1
belleáceluy,1
benedictió,1
beta,1
beuf,1
beur,1
bezalcel,1
bg,1
bi,1
bic,1
bie,1
biena,1
bienen,1
bienf,1
bienles,1
bié,1
bién,1
biés,1
bië,1
ble,1
bleffée,1
bles,1
blirl,1
bläc,1
bobi,1
bodi,1
bodik,1
bodin,1
bodrin,1
boe,1
bonace,1
boniugetranche,1
boniw,1
bonprix,1
bonriw,1
bontéfinie,1
bopin,1
bopinx,1
bopiww,1
bopix,1
bopixw,1
bopnrw,1
boprw,1
bou,1
bourfe,1
boz,1
boëce,1
br,1
braſlé,1
brefon,1
brieuemét,1
bruflant,1
brufle,1
brufloit,1
bruta,1
brutesi,1
brutlee,1
bstoiciens,1
btc,1
bufe,1
buftes,1
bé,1
bícruiteur,1
bó,1
bóart,1
bócafinquiónn,1
bóni,1
bôs,1
bôté,1
c,1
ca,1
cafe,1
calamitez,1
cantiq,1
capi,1
caren,1
carentousdiícours,1
caril,1
carilnefuffit,1
carils,1
carilya,1
carla,1
carleiuge,1
carles,1
carlesautres,1
carmefmes,1
caronnepeut,1
cartantoft,1
cartoutes,1
casti,1
cat,1
catil,1
cato,1
caufe,1
caufele,1
caufes,1
cauſe,1
cay,1
cccur,1
ccftecaufelafci,1
ccoller,1
ceatithmetique,1
cebon,1
cebó,1
cec,1
cecy,1
ceda,1
cede,1
cedes,1
cee,1
cefaire,1
ceff,1
ceffer,1
ceffiteux,1
ceffité,1
cefle,1
ceft,1
ceftbeaucoup,1
ceftbienlvne,1
ceftbié,1
cefte,1
ceftemediocrité,1
ceftetaufe,1
ceftuila,1
ceféra,1
cegrand,1
cel,1
celcfte,1
celcftes,1
celeftes,1
cellent,1
celleträquillité,1
cells,1
celte,1
celuy,1
cemóde,1
cen,1
cena,1
cequ,1
ceque,1
cequifeverifie,1
cequiluy,1
cer,1
cestrois,1
ceu,1
ceuoir,1
ceſt,1
cf,1
cffufion,1
cfgard,1
cfoultenu,1
cfouuerairi,1
cfr,1
cft,1
cftaint,1
cftim,1
cftle,1
cftoitné,1
cftre,1
cftreme,1
cftrequis,1
cgalité,1
cget,1
ch,1
cha,1
chacunechofe,1
chacü,1
chaf,1
chaffer,1
chafféde,1
chafteaux,1
chaftimens,1
chaftiment,1
chaftira,1
chans,1
chanteray,1
chaufe,1
che,1
cheffes,1
chefles,1
chelles,1
chercherfila,1
cherchoit,1
cheuaux,1
cheuauxtirafiét,1
chey,1
chiés,1
cho,1
chof,1
chofc,1
chofe,1
chofei,1
chofeimpoffible,1
chofein,1
chofes,1
chofesenfemble,1
chofé,1
choifi,1
chois,1
cholere,1
choſe,1
choſes,1
chreftiens,1
chátera,1
chäcun,1
chée,1
chôfes,1
ciceron,1
cicl,1
cicté,1
cicur,1
cide,1
cien,1
cience,1
ciens,1
cifions,1
cimcírhdstes,1
cipalementaux,1
circôftances,1
cirde,1
cit,1
cla,1
clairemét,1
clairemétqu,1
clarez,1
clcétion,1
cle,1
cleft,1
clelercie,1
cles,1
cliofefe,1
cloignez,1
clorre,1
clt,1
cltle,1
clurte,1
cn,1
co,1
cog,1
cogneu,1
cognoif,1
cognoiffance,1
cognoiflance,1
cognoiftra,1
cognoiftre,1
cognoir,1
cognu,1
cognus,1
colomnes,1
com,1
combatre,1
comm,1
comman,1
commandemens,1
commea,1
commeil,1
commela,1
commeladialettique,1
commentie,1
commu,1
commá,1
commáderaux,1
commäder,1
commét,1
compa,1
compaffion,1
compagnecs,1
comparaifon,1
compofer,1
compoſer,1
comprédre,1
coms,1
conclufion,1
conclurre,1
conclurrons,1
conduife,1
confeffer,1
confeil,1
confequence,1
confequent,1
conferuateur,1
conferuer,1
conferuerla,1
confide,1
confidere,1
confiderelanature,1
confiderer,1
confidererles,1
confideré,1
confulte,1
conion,1
coniuration,1
conpatible,1
contem,1
conten,1
contentemét,1
contrai,1
contrarieté,1
contumelic,1
contém,1
contéplation,1
conuaincre,1
conue,1
conuenable,1
conuenables,1
conuer,1
conícquét,1
conſequent,1
cord,1
corñ,1
cotps,1
cotraireà,1
couftumes,1
coufumé,1
couragcux,1
couurereftant,1
coñtraireaubien,1
coüplàyent,1
cpelrand,1
cq,1
cquét,1
craignét,1
cratif,1
crea,1
createur,1
creature,1
creatures,1
creaturesjil,1
creint,1
cremgnt,1
crien,1
crigene,1
crité,1
croid,1
cs,1
css,1
ctain,1
ctame,1
ctedtures,1
cternel,1
cternelles,1
cu,1
cui,1
cuiline,1
cuiure,1
culiers,1
cun,1
cuncment,1
cupidiré,1
cupidites,1
cupiditez,1
cur,1
cxfar,1
cxo,1
cy,1
cz,1
câcluant,1
cé,1
céparaifon,1
cít,1
cítauffi,1
có,1
cóble,1
cóblé,1
cófeffer,1
cófefferquelaraifonà,1
cófequent,1
cóman,1
cómandemens,1
cóme,1
cómeil,1
cómele,1
cómes,1
cómun,1
cómune,1
cómuniquátaluy,1
córübatansivn,1
cótemplation,1
cóterüplation,1
cótre,1
cóuenir,1
cô,1
côcre,1
côfiderer,1
côiure,1
côme,1
cômelciour,1
côprifes,1
côtentement,1
côtrai,1
côtraire,1
côtraires,1
côtrairç,1
côtre,1
côttaire,1
cœuis,1
cœur,1
d,1
da,1
daccord,1
dadiuger,1
dam,1
damafic,1
damnables,1
damy,1
dangereufe,1
danicl,1
dant,1
darde,1
dartificcs,1
dauantage,1
daut,1
dautant,1
dauátagc,1
db,1
dblistfühnudgrffi,1
dc,1
dcifier,1
dcuant,1
dcícience,1
dea,1
debien,1
debiens,1
debon,1
debonsamis,1
debonté,1
debordecenchole,1
debuoir,1
debut,1
dec,1
dece,1
decequ,1
declairez,1
decognoiffance,1
decoule,1
decôftance,1
dedi,1
dedäsleau,1
deere,1
def,1
defa,1
defaillance,1
defalumiere,1
defaut,1
defcauoir,1
defcende,1
defciences,1
defcription,1
defendre,1
defenfe,1
defenfes,1
defentendemét,1
defenſe,1
deferteurs,1
deffus,1
defho,1
defhoneftes,1
defi,1
definir,1
definit,1
definition,1
definitié,1
definitiós,1
defioin,1
defir,1
defirare,1
defirce,1
defire,1
defiree,1
defirons,1
defirs,1
defiré,1
defirée,1
deflus,1
defoy,1
defpend,1
defpit,1
deftournoit,1
deftru,1
defviure,1
defà,1
degrez,1
deiban,1
deicüir,1
deifier,1
deioüit,1
deiurer,1
del,1
dela,1
delabeauté,1
delafcien,1
delafcience,1
delalé,1
delamatierecreede,1
delaraifon,1
delarithme,1
delatheologie,1
delatirer,1
dele,1
deleurs,1
deleursactions,1
delhomme,1
delibere,1
delicatement,1
delintelle,1
delire,1
dell,1
delopi,1
deluy,1
demal,1
demalice,1
deman,1
demanderau,1
demandeä,1
dement,1
demeurét,1
demofthene,1
demon,1
demonftrations,1
demoniens,1
demonſtration,1
demy,1
deméf,1
demét,1
dence,1
denceàla,1
dens,1
departi,1
departir,1
departis,1
depayerau,1
depen,1
dependent,1
depoft,1
deprudéce,1
der,1
derechercher,1
derefifter,1
derniere,1
derriere,1
desamis,1
desanimaux,1
deshoneftes,1
deshoneltes,1
desi,1
desiurifconfultes,1
deteftable,1
deteftables,1
determiner,1
dethomme,1
detonteverrm,1
detou,1
detous,1
detousfrüits,1
detout,1
detoutcoblation,1
detoutes,1
detouts,1
deu,1
deuant,1
deuatles,1
deuicnent,1
deuoir,1
deuoit,1
deur,1
deuter,1
deve,1
devplain,1
deâricheffes,1
deího,1
deíonaage,1
deſir,1
deſire,1
deſſus,1
dhofe,1
di,1
diam,1
dic,1
diceluy,1
dicu,1
die,1
dieneftfans,1
dieufoitfruftré,1
diewquand,1
dif,1
difant,1
difciples,1
difcours,1
difcouru,1
difcretemét,1
difcretió,1
difent,1
difference,1
differents,1
differez,1
differéce,1
differéd,1
differét,1
difficul,1
difiez,1
difoit,1
difoyent,1
difpo,1
difpofent,1
difpofé,1
diftan,1
diftance,1
diftinctio,1
diftraire,1
diftribue,1
diftributi,1
dig,1
digerit,1
dioc,1
diocremét,1
dir,1
dirciuftice,1
direbel,1
dironmous,1
dironsauffique,1
dirós,1
ditcy,1
ditil,1
ditin,1
diu,1
diuer,1
diui,1
diuifez,1
diuin,1
diuina,1
diuincletemple,1
diuine,1
diuinement,1
diuines,1
diuins,1
diétoires,1
diéu,1
diſcours,1
diſcretion,1
dle,1
doc,1
docil,1
dodin,1
doe,1
doibe,1
doibt,1
doibtau,1
doibtà,1
doibuent,1
doiuent,1
dome,1
domeſtique,1
donclavo,1
doncle,1
donnances,1
donnáces,1
donques,1
dou,1
doubte,1
doétrine,1
doûtrine,1
dre,1
drel,1
droiteiu,1
droittement,1
droità,1
dré,1
duba,1
duiour,1
duire,1
dun,1
duree,1
dutout,1
dutoutà,1
duve,1
dvn,1
dvnc,1
dzcdirenc,1
dzsiran,1
dágereufe,1
déc,1
décemonde,1
décenraifon,1
découurir,1
déftie,1
délouange,1
déntitrefiufté,1
détous,1
dévertu,1
dó,1
dóc,1
dócles,1
dómage,1
dóne,1
dóur,1
dôc,1
dône,1
dôner,1
dôné,1
e,1
ean,1
eat,1
eb,1
ebahiffoit,1
ebfeueli,1
eblbfaut,1
ebre,1
ebte,1
ecclef,1
eché,1
eclaircitles,1
eclaitcit,1
eclárcir,1
ecs,1
ect,1
ecy,1
ed,1
edaca,1
edits,1
ee,1
eee,1
eet,1
eeésbórineyn,1
ef,1
efcher,1
efchole,1
efclaue,1
efclaues,1
efcoutez,1
efcript,1
efcriptsque,1
efcrit,1
efcus,1
eferipture,1
eff,1
effen,1
effence,1
effion,1
efforcerét,1
effufion,1
effé,1
efiexcufc,1
efleuc,1
efloingne,1
eflqebgau,1
efpe,1
efpece,1
efperance,1
efperancé,1
efperent,1
efperez,1
efperáce,1
efperé,1
efpineufes,1
efprit,1
efpritou,1
efptit,1
eft,1
efta,1
eftablit,1
eftaffez,1
eftans,1
eftant,1
eftat,1
eftats,1
eftaucunement,1
eftauffi,1
eftautant,1
eftautrechofe,1
eftaínte,1
eftbefoin,1
eftbien,1
eftbié,1
eftbon,1
eftce,1
efte,1
eftend,1
efti,1
eftil,1
eftimaft,1
eftimant,1
eftime,1
eftimás,1
eftimé,1
eftinfini,1
eftintelle,1
eftitnét,1
eftl,1
eftla,1
eftle,1
eftleger,1
eftleplusgrád,1
eftlu,1
eftoit,1
eftoitainfi,1
efton,1
eftonnemét,1
eftoy,1
eftoyent,1
eftrange,1
eftrc,1
eftre,1
eftrele,1
eftrelefübietdelafcien,1
eftreles,1
eftroitemét,1
eftte,1
efttouftours,1
efttreícontent,1
eftvn,1
eftvnbien,1
eftvne,1
eftà,1
eftátacollecs,1
efté,1
eftíimaít,1
eftónement,1
eg,1
egal,1
egalement,1
egales,1
egaux,1
eglife,1
egypte,1
ei,1
eic,1
eie,1
einst,1
eio,1
eit,1
eitre,1
el,1
ele,1
election,1
elegáment,1
element,1
elementai,1
elemeris,1
elesaca,1
ellc,1
ellesne,1
ellémé,1
elon,1
elt,1
eltce,1
eltre,1
em,1
emble,1
embraf,1
embraffant,1
embraffe,1
embrázé,1
emces,1
emiqueiomettoyententre,1
empefahez,1
empefche,1
empefchée,1
emperancc,1
ena,1
enaction,1
enail,1
enaüant,1
enbonoccord,1
enccla,1
ence,1
encor,1
encores,1
encoryn,1
end,1
ene,1
enfans,1
enfei,1
enfeigner,1
enfeigné,1
enfemble,1
enfesallegories,1
enflammee,1
enfuiuroit,1
engrauerien,1
eniers,1
enioint,1
enioirit,1
enla,1
enlaco,1
enlame,1
ennmdh,1
ennous,1
enpefcripturefain,1
enquoy,1
ent,1
enten,1
entendc,1
entez,1
enti,1
entla,1
entoutc,1
entrela,1
entreles,1
entreluy,1
entreméflé,1
entteles,1
entéd,1
entédu,1
enuers,1
enuersle,1
enuerstous,1
enuoye,1
envne,1
enſemble,1
enſuit,1
eo,1
ep,1
epi,1
epis,1
epremiert,1
eps,1
eq,1
equitables,1
equiuo,1
equiuoque,1
era,1
erainte,1
ere,1
eroit,1
ers,1
esexodllente,1
etait,1
eternel,1
eternelles,1
etes,1
ethic,1
etmefmes,1
etpofons,1
ett,1
eucfque,1
eucrfion,1
eudoxe,1
euffent,1
euft,1
euiter,1
europe,1
ever,1
ex,1
exccuter,1
excellens,1
excelléce,1
excellét,1
excellétes,1
exclud,1
exclufiue,1
excu,1
excufable,1
excufant,1
excufe,1
execrable,1
executer,1
execution,1
execüteurs,1
execütiontpour,1
exem,1
expedient,1
experi,1
expres,1
exterieur,1
exterieure,1
extraotdinairejou,1
extre,1
extreme,1
extremement,1
extremes,1
extremi,1
extremite,1
extremitez,1
extremité,1
exépteroit,1
ey,1
ez,1
ezechicl,1
eíftant,1
eít,1
eítend,1
eítoit,1
eü,1
eſt,1
eſtoit,1
f,1
fabufoit,1
fabuze,1
faccordent,1
faccouftumer,1
facentles,1
facheux,1
faci,1
facic,1
facoghoiffanée,1
facompaigne,1
facon,1
facrificateurs,1
facrifice,1
facrifices,1
facrilege,1
faculrez,1
faf,1
fage,1
fageffe,1
fagefle,1
fageite,1
fages,1
fagestienent,1
fai,1
faifant,1
faifantla,1
faifantle,1
faifi,1
faifons,1
faimer,1
fain,1
faincts,1
faint,1
faintes,1
faireau,1
fairecourt,1
fairela,1
faitiniure,1
faitlgmalcontráireaubicn,1
falloit,1
falloits,1
faloit,1
falut,1
falutaire,1
fame,1
familiete,1
fance,1
fang,1
fansami,1
fansautre,1
fansprudenceiln,1
fansque,1
fant,1
fante,1
fanté,1
fapien,1
fapience,1
fapiéce,1
fappuyent,1
farlatans,1
fau,1
faudroit,1
fauffaires,1
fauffeté,1
faufles,1
fautainfidi,1
fautauffi,1
fautbaläcertoutau,1
fautbien,1
fautmet,1
fauttant,1
fauté,1
fauuer,1
fauuez,1
fauué,1
favic,1
fays,1
fc,1
fca,1
fcait,1
fcauoir,1
fcauoit,1
fcauroit,1
fcauroyent,1
fcautions,1
fcicnce,1
fcience,1
fciences,1
fciençes,1
fciointla,1
fciéce,1
fclicité,1
fcroit,1
fcroyentillufoirestains,1
fcu,1
fcule,1
fculement,1
fe,1
feant,1
feante,1
fec,1
fecours,1
fecourát,1
fecret,1
fecrets,1
fede,1
fedifpofe,1
fee,1
fefaiæ,1
fefforce,1
fefkfondé,1
fefloingne,1
feftat,1
fegayant,1
feien,1
feigneurial,1
feinble,1
feli,1
felici,1
felicite,1
felicitez,1
felicité,1
felon,1
femble,1
femblent,1
femblepour,1
fembletoutesfois,1
femmye,1
fen,1
fenfucl,1
fenfuel,1
fenfuit,1
fenfuiura,1
fengendrevh,1
fenquicte,1
fens,1
fent,1
fentaft,1
fenten,1
fentier,1
fentéd,1
feoyét,1
feparez,1
feparons,1
fepart,1
feparé,1
feparéle,1
fepeuuent,1
fequent,1
feraloüé,1
ferans,1
ferapporte,1
ferefpeét,1
ference,1
feroit,1
feroyent,1
ferue,1
feruent,1
feruice,1
feruir,1
feruiteurs,1
feréics,1
fes,1
fesautres,1
fescompofeesdicelle,1
fesloix,1
feslouan,1
festecommandations,1
fetardife,1
fetéd,1
feul,1
feule,1
feulemene,1
feulement,1
feulemét,1
feutcelefte,1
fevace,1
ff,1
ffageffe,1
fhomme,1
fhémerc,1
fi,1
fiardemment,1
fib,1
fibelle,1
fible,1
fiblequil,1
fibles,1
fibons,1
fic,1
fice,1
fics,1
ficít,1
ficóiointes,1
fieft,1
fien,1
fiens,1
fignifie,1
fignifier,1
fignifiéc,1
fignifiées,1
fiic,1
filaduient,1
fildifoitla,1
filefeu,1
filestrois,1
fimal,1
fimile,1
fimple,1
fimplement,1
find,1
fineffe,1
finisni,1
fino,1
finon,1
fion,1
fionlefait,1
fionne,1
fipüiffäns,1
fire,1
firmatifs,1
firs,1
fis,1
fitu,1
fitédu,1
fivn,1
fiét,1
flance,1
fleuti,1
fleuucs,1
floir,1
flupi,1
fnelle,1
fo,1
fobrieté,1
focicté,1
focieté,1
fohs,1
foht,1
foible,1
foibles,1
foigner,1
foit,1
foitbon,1
foithoracepoételyric,1
foitpar,1
folic,1
fols,1
fommceil,1
fommes,1
fon,1
fondeefur,1
fondemens,1
fondemés,1
fondemét,1
fonges,1
fongne,1
fongneufement,1
fonopinion,1
fonr,1
fons,1
fontbonnes,1
fontcouuerts,1
fontils,1
fontinfi,1
fontlonguemét,1
fophigonnefedoibt,1
forc,1
forcee,1
forie,1
fortable,1
fortant,1
fortileges,1
fortir,1
forzem,1
fotta,1
foubs,1
fouf,1
fouffre,1
fouffrir,1
foufftir,1
fouftenir,1
fouhaiter,1
fource,1
fourceinepüifable,1
fourhit,1
fouucrain,1
fouuenir,1
fouuent,1
fouuerain,1
fouueraine,1
fouuét,1
foy,1
foyent,1
foymefmes,1
foyquelqu,1
foyt,1
foüilleurcs,1
foüillé,1
foÿ,1
fpecial,1
fpecifiez,1
fpiéce,1
fplen,1
fplendeur,1
fplédeur,1
fpofé,1
fpolié,1
fr,1
fran,1
frapé,1
friandifc,1
friandilesz,1
frirla,1
frirvne,1
froifé,1
fruition,1
fruitió,1
ft,1
ftacafféle,1
ftans,1
ftanteft,1
fte,1
ftement,1
ftemes,1
ftes,1
ftic,1
ftice,1
ftier,1
ftoit,1
ftoitinfini,1
ftote,1
ftoteaauffimisentre,1
ftotepeníoit,1
ftrations,1
ftre,1
fu,1
fub,1
fubfifter,1
fubftan,1
fubftance,1
fubict,1
fubiet,1
fubiete,1
fubtil,1
fubtilemét,1
fubuer,1
fuffi,1
fuffira,1
fuffit,1
fuffitpa,1
fuffrage,1
fuft,1
fuftafferuieaux,1
fuictà,1
fuiet,1
fuiette,1
fuiuans,1
fuiuant,1
fuiuie,1
fuiure,1
fuiureles,1
fuiurontla,1
fujet,1
ful,1
fuperbes,1
furditez,1
fure,1
furieufe,1
furles,1
furpaffe,1
furpaffer,1
furplus,1
furét,1
futla,1
fuyantles,1
fuyent,1
fà,1
fé,1
fémble,1
féroit,1
férupu,1
féstnous,1
fübiet,1
füftfini,1
füp,1
füricufe,1
fürplus,1
füuffit,1
g,1
ga,1
gafter,1
gaigné,1
gat,1
ge,1
geance,1
geans,1
geant,1
gelegiflateur,1
gene,1
general,1
generale,1
generalement,1
generalemét,1
genereux,1
geo,1
geodefie,1
geographie,1
geome,1
geometric,1
geometrique,1
ger,1
ges,1
gg,1
gge,1
giner,1
gion,1
git,1
giten,1
gitenla,1
gitenlaioüif,1
gitla,1
gitle,1
gleurs,1
glorienfe,1
gnaniniité,1
gnecdecôtinence,1
gnez,1
gnoiffance,1
gnoift,1
gnée,1
go,1
gourmandife,1
goutes,1
gouuerneurs,1
gr,1
gra,1
grace,1
graces,1
graiffe,1
gran,1
grandefelicité,1
grauecs,1
grauer,1
gricfues,1
grád,1
gráde,1
gráds,1
grádsloy,1
grâde,1
gräd,1
gräds,1
gs,1
gtioiffance,1
guarit,1
gue,1
guerrés,1
gueux,1
gufte,1
guidees,1
gurécy,1
gymnaftique,1
gés,1
gétil,1
géul,1
haaffez,1
habi,1
habitudeou,1
hair,1
hairoit,1
hala,1
hale,1
ham,1
harmoniequi,1
haturcilés,1
hau,1
havne,1
he,1
hebrieux,1
helas,1
heraclide,1
heritage,1
heroiques,1
herreu,1
heu,1
heurer,1
heureufc,1
heureufe,1
hien,1
hippocrate,1
hisne,1
hitas,1
hié,1
hm,1
ho,1
hofes,1
holocau,1
hom,1
homi,1
homine,1
hommed,1
hommeen,1
hommefeul,1
hommegiten,1
hommene,1
hommesauares,1
hon,1
honcfte,1
honcftes,1
honcíles,1
honefte,1
honeftes,1
honorees,1
honté,1
hr,1
hu,1
humai,1
hureux,1
hx,1
hydrogra,1
hó,1
hómcaura,1
hóme,1
hómefe,1
hómes,1
hóneur,1
hôme,1
hômed,1
hôneur,1
i,1
ia,1
iafon,1
iai,1
ialoufie,1
iamais,1
iamaisles,1
ianuier,1
ib,1
ibiniomdiá,1
ibvous,1
ic,1
icclle,1
iccluy,1
icelle,1
icelles,1
icello,1
iceluy,1
icers,1
icesvertusfont,1
iceux,1
ictrouucy,1
icttent,1
icuneffe,1
icy,1
icícauroisvolon,1
id,1
ide,1
idement,1
idolatrer,1
idus,1
iduwbeuf,1
ie,1
iean,1
iedi,1
iefcaurois,1
ieluy,1
ien,1
iene,1
ient,1
ietay,1
ieune,1
ieunefle,1
ifoi,1
ift,1
iha,1
ii,1
iifloto,1
iii,1
iiij,1
iij,1
iis,1
ij,1
ikeftbicn,1
ikfautainfi,1
ila,1
ilappar,1
ilauoit,1
ilchante,1
ilcs,1
ileft,1
ileftainfi,1
ileftim,1
ilen,1
ilepproche,1
iles,1
ilfaccômodoit,1
ilfaut,1
ilfemble,1
ilferoit,1
ilfroit,1
iliniepuiffancedefa,1
illa,1
illia,1
illu,1
illuftrcs,1
illuftreque,1
illuſtres,1
iln,1
ilne,1
ilneceffüire,1
ilnedebuoitpas,1
ilnefe,1
ilneles,1
ilnia,1
ilpasauoir,1
ilraporte,1
ilsfont,1
ilsn,1
ilu,1
ily,1
ilya,1
ilz,1
im,1
imaginér,1
imer,1
impat,1
impatiéce,1
impetueufe,1
impieté,1
imple,1
impof,1
impoffible,1
impoffibleà,1
impofiible,1
impofíible,1
impoſible,1
impropremé,1
in,1
inceftueux,1
inconuenient,1
incópatible,1
indi,1
ine,1
inelagcometrie,1
infenfez,1
inferieure,1
infi,1
infinieil,1
infinimér,1
infinimét,1
infipience,1
inftruments,1
infufc,1
infufe,1
infufes,1
infuſe,1
ingrati,1
inipoffible,1
init,1
initérfe,1
iniu,1
iniufte,1
iniuftemét,1
iniufteriient,1
iniuftice,1
iniure,1
inrelléét,1
insere,1
intel,1
intellc,1
intelle,1
intellectu,1
intelleét,1
intelleétuelle,1
intempe,1
intemperance,1
interieure,1
intétion,1
inuentez,1
inueterce,1
inui,1
inuti,1
inuéteurs,1
inſtruits,1
io,1
ioctité,1
ioindras,1
ioindre,1
ioug,1
iouiffance,1
iour,1
ioüifface,1
ioüiffan,1
ioüiffance,1
ioüiffans,1
ioüifflance,1
ioüiffons,1
ioüir,1
ipiedduprofit,1
ique,1
iquepar,1
ir,1
irax,1
ire,1
irifinicen,1
irnpoffible,1
iroit,1
irouucr,1
is,1
isi,1
it,1
itcherch,1
itfa,1
iu,1
iudic,1
iuf,1
iuflement,1
iuflice,1
iufques,1
iufte,1
iuftes,1
iufti,1
iufticc,1
iuftice,1
iuge,1
iugemens,1
iugement,1
iugemét,1
iuger,1
iupe,1
iurif,1
iurit,1
ivousspüs,1
ivsirvas,1
izaw,1
j,1
ja,1
jamedecine,1
jant,1
japlus,1
japrudencecft,1
jaux,1
javertu,1
jecoche,1
jementariffote,1
jent,1
jeur,1
jeurfelicité,1
jextremenifouuerain,1
ji,1
jicité,1
jlomon,1
jo,1
join,1
jonté,1
josse,1
jouiff,1
jquivarondement,1
jy,1
keemii,1
kin,1
kk,1
kx,1
ké,1
labou,1
lacher,1
lacheté,1
laconjon,1
lacrainte,1
laduis,1
lafcience,1
lafeulebonté,1
lafocietéhu,1
lafoit,1
lagloire,1
laicharité,1
laiffent,1
laiffé,1
laiolif,1
laioüiffance,1
laiuftice,1
laliberalité,1
laloy,1
laloynapasvoulu,1
lamais,1
lamajefié,1
lamedecinéir,1
lan,1
lanuit,1
lapicnce,1
laquinte,1
larayerdurolle,1
largementaux,1
lart,1
latempe,1
latermpefté,1
laterre,1
latfferay,1
lation,1
latéperance,1
laucr,1
lautre,1
lay,1
laïuftice,1
lc,1
lceuute,1
lcs,1
ld,1
lean,1
leau,1
lebien,1
lebiédeichacane,1
lebon,1
lec,1
leco,1
lecroy,1
ledefefpoir,1
leeifád,1
leeion,1
lefprir,1
lefquels,1
left,1
legerement,1
legiflateur,1
legitime,1
legräd,1
lele,1
lemal,1
lement,1
lemoyÿuementien,1
lemp,1
lemént,1
len,1
lennemy,1
lens,1
lenten,1
lenté,1
lepereté,1
lepiflatéur,1
ler,1
lere,1
lerefpect,1
lernier,1
lesacci,1
lesactiós,1
lesappelant,1
lesbiens,1
lesfources,1
lesie,1
lesieunes,1
lesloix,1
leslou,1
lesmathematiques,1
lesmoyens,1
lespremi,1
lesrayons,1
lesri,1
lesvices,1
leu,1
leuex,1
leuidente,1
leuoit,1
leura,1
levouspric,1
lex,1
lexperience,1
lexpres,1
lextremité,1
lez,1
leíage,1
leſubicr,1
lhomme,1
lhommecltabliten,1
lhommeen,1
lhorreur,1
lhôme,1
li,1
liaifon,1
lib,1
libe,1
liberal,1
liberalenuers,1
liberali,1
liberalitez,1
libures,1
lica,1
licité,1
licuil,1
lieus,1
lifons,1
linertie,1
lintelle,1
litez,1
lité,1
liy,1
ll,1
lle,1
locil,1
loeil,1
loftimez,1
loiia,1
loingnec,1
loingné,1
loix,1
lon,1
longt,1
lopinion,1
lordinaire,1
lordre,1
louiffancc,1
lourquoy,1
loy,1
loyereft,1
loyx,1
loüa,1
loüable,1
loüer,1
loüiecs,1
lp,1
lrax,1
lrbéauté,1
ls,1
lsan,1
lucrece,1
luftre,1
luiter,1
lumiere,1
lumieres,1
lun,1
luy,1
luyappartiér,1
lvn,1
lvne,1
lw,1
ly,1
lycurge,1
lyne,1
lyric,1
láguc,1
lé,1
lépend,1
lés,1
léseclaircit,1
m,1
maffons,1
maffós,1
mafles,1
magi,1
magiftrats,1
magna,1
magnani,1
magnanimi,1
magnanimitéyny,1
magpanitnié,1
maicfté,1
maiefté,1
maifon,1
maifons,1
maiftre,1
maiftrede,1
maiftreffe,1
maiftrife,1
maiftré,1
maine,1
maisc,1
maisicvoudroy,1
maisil,1
maitre,1
majefté,1
maladuifé,1
maleft,1
malexclud,1
maliceoufincfle,1
malicicufemét,1
malzor,1
mandemens,1
manes,1
maniment,1
manimét,1
mançuures,1
mar,1
marchad,1
marchandifés,1
marefts,1
mati,1
maticreferoit,1
matiere,1
matis,1
mau,1
maîſtreſlede,1
mble,1
mc,1
mcefürez,1
mcf,1
mcs,1
mcímementdesfagesfemmes,1
meas,1
meaux,1
mechanceté,1
mechaniq,1
mechaniques,1
mechans,1
mechanslyez,1
mechant,1
mechás,1
mechát,1
mechät,1
medecin,1
medecine,1
medicamens,1
medicaméter,1
medicaméts,1
medifance,1
medio,1
mediociite,1
mediocre,1
mediocremét,1
mediocremétdoéte,1
mediocres,1
mediocrité,1
mediocrté,1
medioctri,1
mee,1
mefchans,1
mefchant,1
mefembleauoirleu,1
mefemblé,1
mefile,1
mefine,1
meflange,1
mefler,1
mefme,1
mefmealintellectactuel,1
mefmeil,1
mefmement,1
mefmes,1
mefpris,1
mefprisen,1
meftier,1
meftiers,1
mefurer,1
mefuter,1
mek,1
mel,1
mela,1
melebeftial,1
melme,1
melodieux,1
mem,1
memes,1
memicux,1
mencemétíeraporteàla,1
mene,1
menenousrauitàluy,1
menfonge,1
menio,1
menté,1
mere,1
mereri,1
meretrefpauure,1
merite,1
meriteles,1
meritent,1
meritoit,1
merucilles,1
meten,1
metoyennes,1
metrie,1
mettronsnous,1
meu,1
meuts,1
meuté,1
meímc,1
meíme,1
meímes,1
miaislà,1
mic,1
miechans,1
miere,1
mife,1
miferable,1
mii,1
miliet,1
mir,1
miroucr,1
mitez,1
mo,1
modefte,1
modeftie,1
modelte,1
modeſte,1
modeſtie,1
moinsbiardies,1
moinsbonne,1
moinsentre,1
moitie,1
moms,1
momét,1
monftre,1
monftrent,1
monftrer,1
monftré,1
mons,1
montét,1
monítre,1
monſtre,1
moralerr,1
mortalitez,1
morttre,1
mour,1
mourray,1
mouruft,1
mouue,1
moy,1
moyé,1
moyéil,1
moyés,1
mr,1
mresbeautez,1
ms,1
mss,1
muables,1
muficien,1
mufique,1
mum,1
mut,1
mv,1
my,1
mäqué,1
médelte,1
méfprifer,1
mént,1
mét,1
móde,1
módes,1
móftrer,1
mótagne,1
móter,1
môde,1
môftrer,1
môftré,1
n,1
na,1
nable,1
nables,1
naiftre,1
nainspourlequel,1
nal,1
nane,1
napprehende,1
nas,1
natchics,1
naualle,1
nauimité,1
nauiét,1
naïfloyent,1
nc,1
ncantmoins,1
ncetu,1
ncitmoins,1
ncs,1
ncátinóins,1
nd,1
neant,1
neantmoins,1
neantmoinsne,1
neanton,1
near,1
nec,1
neccfité,1
neccflaire,1
neceffai,1
neceffaire,1
neceffaires,1
neceffiteux,1
neceffité,1
neceflaire,1
neceflaires,1
neceſlaire,1
neco,1
necroira,1
neditionsde,1
nedreffent,1
nee,1
need,1
nefacent,1
nefe,1
nefeparôs,1
neferoitil,1
neferót,1
nefl,1
nefoyent,1
nefte,1
neftement,1
negit,1
negitpasen,1
negrace,1
neguarira,1
nel,1
nelad,1
nele,1
nement,1
nemettrós,1
nepeut,1
nepourtoit,1
nes,1
nesaccordent,1
netrouuoitaucü,1
neufiéme,1
neátmoins,1
neätmoins,1
neíepeutauoir,1
neſt,1
nf,1
nha,1
niae,1
niagna,1
nic,1
nicatio,1
nication,1
nien,1
nieíme,1
nifecholorltroutiit,1
nifocicte,1
nii,1
nile,1
nime,1
nimes,1
nimité,1
nion,1
nirignoräcé,1
nis,1
nma,1
nn,1
nni,1
noftre,1
nosames,1
nour,1
nousauons,1
nousauós,1
nousles,1
nouslifons,1
nousmettrons,1
nousrecherchons,1
nouuelle,1
np,1
npuslaiufticepatticu,1
ns,1
nt,1
nte,1
ntt,1
nun,1
nut,1
nv,1
ny,1
nyla,1
nz,1
nó,1
nófeu,1
nóníeulement,1
nôbre,1
o,1
oa,1
ob,1
obeiffance,1
obeiffant,1
octaue,1
odín,1
oe,1
of,1
offca,1
offefer,1
offen,1
offenfer,1
offenſer,1
ofter,1
oftélavicàvn,1
oic,1
oifeaux,1
oifiucté,1
ois,1
oit,1
oldat,1
olfenie,1
om,1
omes,1
ommanden,1
one,1
onfache,1
onifoit,1
onne,1
onner,1
onques,1
onquestyran,1
onrrifans,1
ons,1
ontiffues,1
ontles,1
ontrayé,1
opdaradoxe,1
opinió,1
oppofe,1
oppofi,1
oppofite,1
oppofites,1
optoenío,1
ora,1
ordinai,1
ordonances,1
ordonrce,1
ordónafftes,1
ore,1
orestis,1
orfila,1
oriamais,1
oril,1
orla,1
orleloyer,1
orles,1
orlonvvoidque,1
ormeil,1
ortent,1
ot,1
otroyé,1
ott,1
ouar,1
oubien,1
ouen,1
ouftenir,1
ouileft,1
ouilfautaller,1
ouimparfaites,1
oulaquinteon,1
oulare,1
oum,1
oumitieu,1
outesfois,1
ouuertement,1
ouuerture,1
ow,1
oxe,1
oy,1
oyez,1
oz,1
oütes,1
p,1
pa,1
paaradoxe,1
pafferoit,1
paffions,1
paffiósde,1
paffiôs,1
paffénrites,1
pago,1
paignee,1
paillardife,1
pallé,1
pamour,1
panépe,1
papadoxe,1
parado,1
paradokre,1
paradore,1
parauant,1
parauantles,1
pareffe,1
parexception,1
parfemée,1
parfes,1
paricides,1
parl,1
parlaioüiffance,1
parlanature,1
parmoitié,1
parnature,1
paro,1
paroit,1
partic,1
particuliere,1
particulieres,1
partieau,1
partient,1
paruenir,1
paruenü,1
parágonner,1
paréce,1
pasa,1
pasauffi,1
pasauverd,1
pasbiea,1
pasconfideré,1
pasle,1
pasles,1
paslo,1
pastant,1
pasälors,1
pat,1
pattics,1
pau,1
pautre,1
pauure,1
pauures,1
pauuresefclaues,1
paxranpox,1
payelufure,1
pcur,1
pcuuent,1
pd,1
pdspourvncaure,1
pe,1
peces,1
pechez,1
pee,1
pefte,1
peftes,1
pence,1
penfant,1
penfe,1
penfer,1
penfez,1
penféede,1
penia,1
peníe,1
per,1
perceu,1
pere,1
pereur,1
perfan,1
perfe,1
perfonages,1
perfone,1
perfonne,1
perfonnen,1
perfonnes,1
perfône,1
perilleufe,1
perit,1
permiflton,1
persó,1
pert,1
pertinem,1
pertiósil,1
perío,1
períóne,1
pes,1
peuteftre,1
peutenfcigner,1
peutiinas,1
peutimaginer,1
peutioüir,1
peuton,1
peuuent,1
peuuentfouf,1
peuuét,1
peuuétendurer,1
pf,1
pfalterions,1
pfaphus,1
pfemier,1
pha,1
pher,1
phes,1
pheso,1
phetes,1
philo,1
philofo,1
philofophe,1
philofophes,1
phyfiologie,1
pi,1
picius,1
pieca,1
pise,1
pitale,1
pitalà,1
pitau,1
pitále,1
pl,1
pla,1
placcenton,1
plai,1
plaifir,1
plaifirs,1
plaifirà,1
plaifiràla,1
plaifoit,1
plaift,1
plaiftauffi,1
plailir,1
plain,1
plaindraau,1
plaittfiie,1
plaiſirs,1
plani,1
plas,1
plation,1
platon,1
platonacom,1
plató,1
ple,1
ples,1
pluf,1
pluficurs,1
plufieats,1
plufieurs,1
plufloff,1
pluftoft,1
plusbeau,1
pluseclarcie,1
plusgrand,1
pluslongue,1
pluslourdementge,1
plusque,1
plusrüfees,1
plustoft,1
plutatque,1
pluſieurs,1
pluſpart,1
plüs,1
pn,1
poar,1
pof,1
pofaft,1
pofec,1
pofer,1
pofez,1
poffcffion,1
poffcfleur,1
poffeder,1
poffedoit,1
poffible,1
poffibles,1
pofitió,1
pofleffeurs,1
pofons,1
poftemeinterieure,1
pofé,1
poféz,1
pointnefait,1
pointqu,1
pointtouché,1
poirit,1
pons,1
populairement,1
porquoy,1
porterálaction,1
portió,1
porus,1
poudquéyile,1
pouffe,1
pouffent,1
pouffée,1
pouraller,1
pourc,1
pourefoir,1
poureré,1
poures,1
pourexercer,1
pourez,1
pourfoy,1
pourfuiuons,1
pourioüir,1
pourla,1
pourle,1
pourquoy,1
pourquoyle,1
pourquóy,1
pourriós,1
pourroit,1
pourrôt,1
pourtenir,1
pourtrai,1
pout,1
poutquoy,1
poutray,1
poutroit,1
poutrons,1
pouttát,1
pouuant,1
pouuoir,1
pouuoit,1
pouuons,1
pouuós,1
pouuôs,1
poéte,1
poétesfont,1
pp,1
ppel,1
pra,1
prado,1
pratiquoit,1
prc,1
prdéimient,1
pre,1
preccptes,1
precieufes,1
precipitez,1
prefen,1
prefent,1
prefente,1
prefentee,1
prefentoit,1
preffé,1
prefque,1
preftre,1
preftrefle,1
premices,1
premiere,1
premierement,1
premieremét,1
pren,1
prendrela,1
prennentleur,1
pres,1
prese,1
pretéd,1
preu,1
preuoir,1
preuue,1
pri,1
prias,1
prieres,1
prin,1
print,1
prisgardeàvnedutre,1
priuation,1
priuatiue,1
priuatiô,1
pro,1
proce,1
procede,1
procedent,1
procedoit,1
proces,1
profitd,1
profitdaueclhonneur,1
prophetie,1
propreàla,1
proprictez,1
propricté,1
proprie,1
proprieté,1
proucr,1
proucrbe,1
proui,1
prouient,1
pruden,1
prudencecít,1
prudencequi,1
prudences,1
prudengé,1
prudens,1
prudé,1
prudéce,1
prudét,1
prz,1
prádent,1
prédre,1
própo,1
ps,1
pt,1
pte,1
ptite,1
ptiémeou,1
ptrique,1
publicvn,1
puif,1
puiffan,1
puiffance,1
puiffances,1
puiffans,1
puiffant,1
puiffe,1
puiffices,1
puiffäce,1
puifie,1
puiflance,1
puifle,1
puifque,1
puifquele,1
puifquetouc,1
puisil,1
puitque,1
puiſque,1
puorquoy,1
pythiaque,1
péfent,1
pénféc,1
pére,1
püiffe,1
q,1
qe,1
qes,1
qfaifoient,1
qi,1
qni,1
qo,1
qua,1
quable,1
qualitez,1
quandil,1
quandilà,1
quantitez,1
quappcelez,1
quar,1
quarte,1
quatit,1
quatreanimaux,1
quay,1
qub,1
quc,1
qucic,1
qucle,1
quebe,1
quebien,1
quec,1
quece,1
queceluy,1
queceux,1
quedé,1
quee,1
quefois,1
queftion,1
queftioneften,1
queiclangis,1
quela,1
quelafapiencegità,1
quelaiufticen,1
quelavraye,1
quelccocherlafche,1
queld,1
quele,1
quelebié,1
queles,1
quelesan,1
quelesricheffes,1
quelesver,1
quellcs,1
quelleclle,1
quelocconomique,1
quelqu,1
quelquonque,1
queluy,1
quelà,1
quemal,1
ques,1
quetout,1
quevous,1
queſtion,1
qug,1
quia,1
quiaduint,1
quiameflé,1
quiaufíi,1
quiaura,1
quic,1
quicítvnaayon,1
quid,1
quidonne,1
quieft,1
quien,1
quieneft,1
quientendoittous,1
quif,1
quife,1
quifeleue,1
quifent,1
quiferuoit,1
quigifentena,1
quigite,1
quil,1
quila,1
quilavne,1
quile,1
quileftimelcbien,1
quilfoit,1
quilne,1
quilnya,1
quiluy,1
quiluÿ,1
quilya,1
quilyaentrelerepos,1
quin,1
quine,1
quinefe,1
quinon,1
quinous,1
quiné,1
quiparticipe,1
quitous,1
quitoutes,1
quiéft,1
quiſepre,1
qul,1
quon,1
quoy,1
quoyileite,1
quoylestoicien,1
quz,1
quád,1
quát,1
quátes,1
quädil,1
qué,1
quéléau,1
quí,1
qwopprobre,1
qüatre,1
qüela,1
r,1
ra,1
rachepter,1
rad,1
rai,1
raif,1
raifgsautremét,1
raifo,1
raifon,1
raifonable,1
raifonables,1
raifons,1
raiſons,1
ralcouttois,1
ralement,1
ramon,1
rams,1
ranceou,1
rand,1
rap,1
rapportét,1
raualela,1
raui,1
rauit,1
rb,1
rc,1
re,1
rece,1
recepte,1
receu,1
receuable,1
receuoir,1
recherchät,1
reciter,1
recouurer,1
recoyuentla,1
redreffe,1
reduit,1
refifte,1
refiouiffance,1
reflexion,1
refnes,1
refolu,1
reforination,1
refpe,1
refpect,1
reftre,1
refufe,1
regles,1
rehies,1
reicter,1
reicteroyent,1
reietans,1
rel,1
rem,1
remar,1
remarquees,1
remede,1
remedes,1
rement,1
remes,1
rempefte,1
ren,1
rence,1
rencle,1
rendufon,1
rendét,1
renuerfer,1
renuerfé,1
repouflant,1
reprefen,1
reprefentéces,1
requife,1
rer,1
rerles,1
res,1
retournefur,1
reucüe,1
reueille,1
reueiller,1
reufe,1
reuflir,1
reuient,1
reur,1
rf,1
rh,1
rhal,1
rhetorique,1
richeffes,1
ricn,1
ricté,1
rigeur,1
riis,1
rim,1
riousauons,1
rioysqu,1
rique,1
rié,1
rm,1
rn,1
ro,1
robufte,1
roes,1
rog,1
roit,1
rome,1
ron,1
rons,1
ront,1
ros,1
rotit,1
rout,1
routelagerre,1
roy,1
royent,1
rr,1
rrelpuiffant,1
rrouer,1
rs,1
rt,1
rte,1
rudem,1
rudence,1
ruinentles,1
rur,1
rv,1
rx,1
réa,1
réd,1
rédre,1
réful,1
rétóuenableà,1
s,1
sai,1
salomó,1
sap,1
satis,1
sd,1
sde,1
seen,1
selt,1
sen,1
sencque,1
send,1
sensit,1
sentend,1
sentéd,1
serenade,1
siafur,1
sieftce,1
sil,1
sila,1
silaraifon,1
sile,1
silefiegedevertu,1
silfetrouue,1
sinous,1
sitoutesles,1
siutrés,1
sn,1
snima,1
socrate,1
solus,1
sour,1
soutager,1
sp,1
spartie,1
sr,1
srhr,1
st,1
ste,1
stoiciens,1
stoique,1
suos,1
séar,1
séfuel,1
sônc,1
sôt,1
t,1
taccord,1
taduient,1
tail,1
taines,1
tam,1
tantoft,1
tantquc,1
tardin,1
tarente,1
tatetre,1
tation,1
tauifle,1
tauthorité,1
tc,1
tclage,1
tecepte,1
tefmoignage,1
tefmoigne,1
tefois,1
teiette,1
temperance,1
temperancefontprudences,1
temperans,1
temperáce,1
templation,1
temét,1
ten,1
tenantles,1
tencbres,1
tene,1
tenebres,1
tenoit,1
tenten,1
tenát,1
tere,1
terefles,1
terieures,1
tern,1
teron,1
terreſtres,1
tesautres,1
tesfois,1
tet,1
tete,1
teur,1
teut,1
tez,1
thales,1
theologales,1
theologalés,1
theologiens,1
theologíens,1
therapeutique,1
thôrité,1
ti,1
tice,1
tichouaccidental,1
tici,1
tie,1
tienent,1
tierc,1
tierementà,1
ties,1
tif,1
tii,1
timaftrien,1
tins,1
tion,1
tiroit,1
tit,1
titenfant,1
tiue,1
tié,1
tiét,1
tj,1
tjui,1
tl,1
tla,1
tles,1
tls,1
tlsbhóneeji,1
tn,1
tnn,1
tns,1
to,1
toblation,1
toftles,1
tohfigiuts,1
toific,1
tont,1
tormens,1
tou,1
toufiours,1
tourmétez,1
tourneles,1
tousles,1
toutainfi,1
toutcfois,1
toutdefaut,1
toutesfois,1
toutesfoissocrate,1
toutesles,1
toutícul,1
touütesfois,1
toy,1
toít,1
toît,1
toüfiours,1
toüsles,1
tp,1
tr,1
traireau,1
traiñite,1
tran,1
tranfportee,1
trauailleroit,1
trc,1
tre,1
tref,1
trefabondant,1
trefaffe,1
trefardent,1
trefbelle,1
trefbien,1
trefbó,1
trefcertaine,1
trefcontent,1
treffoigneux,1
trefgenereux,1
trefgrands,1
trefiufte,1
trefiuftes,1
trefliberal,1
treflongue,1
trefloüable,1
trefmagna,1
trefmagnanime,1
trefmechante,1
trefmodefte,1
trefmodeftes,1
trefors,1
trefparfait,1
trefplai,1
trefpru,1
trefpuiflant,1
trelclaire,1
trelexcel,1
trelpuiflant,1
tremité,1
tres,1
tresbelle,1
tresbelles,1
tresbien,1
tresbié,1
tresbon,1
tresbonntrcommeles,1
tresexcellerite,1
treshautes,1
tresheu,1
tresheurcufe,1
tresheureufe,1
tresheureux,1
tresvertu,1
tretouts,1
treí,1
tribué,1
trine,1
tromperjil,1
trouffez,1
trouucpetttmmee,1
trouuct,1
trouuer,1
trouué,1
träquillité,1
tré,1
trée,1
trésfaciles,1
ts,1
tt,1
tta,1
ttefdo,1
ttr,1
tude,1
tuel,1
tueufe,1
tueulement,1
tur,1
ture,1
tures,1
tuét,1
tv,1
tw,1
tà,1
tá,1
tát,1
tátloücc,1
tât,1
té,1
técarilsont,1
tédel,1
tél,1
téndement,1
ténegit,1
téps,1
tépéräce,1
tó,1
u,1
ua,1
uais,1
uand,1
uation,1
uc,1
ucillance,1
ucl,1
ue,1
uela,1
uelle,1
uelles,1
uenable,1
uenir,1
uent,1
uentexecuter,1
uenu,1
uerain,1
uez,1
ufage,1
ufte,1
ug,1
uh,1
uhetenues,1
ui,1
uices,1
uie,1
uient,1
uiia,1
uine,1
uines,1
uoir,1
uoirfäpience,1
uons,1
ur,1
urb,1
urcs,1
urdité,1
ures,1
ureté,1
uu,1
uures,1
uuétmefler,1
ué,1
v,1
vae,1
vafe,1
vai,1
vaiffeau,1
valét,1
var,1
varieté,1
varron,1
vau,1
vaudroit,1
vbus,1
vclic,1
vcri,1
vcrifié,1
ve,1
vec,1
veitu,1
ven,1
venditluy,1
vengeáce,1
veoir,1
verita,1
veritable,1
verité,1
veritéen,1
verray,1
versleíoleil,1
vertucux,1
vertusilluftres,1
vertüsen,1
vettu,1
vettus,1
veu,1
veufues,1
veus,1
veutioüir,1
vfage,1
vfagela,1
vfant,1
vfer,1
vfons,1
vhevés,1
vhonneur,1
vi,1
vic,1
vicaux,1
vicc,1
vicesabflenir,1
vicescommedi,1
vicicux,1
vicieufe,1
vicieufes,1
vicieuſes,1
vicil,1
vicilleffe,1
viecr,1
vientlemal,1
vifage,1
vifer,1
vifibles,1
vifion,1
vifions,1
viimillion,1
vine,1
vings,1
virtzs,1
viti,1
vituperable,1
viuacité,1
viues,1
viuras,1
viures,1
viſion,1
vn,1
vnc,1
vncs,1
vnde,1
vne,1
vneacquifition,1
vneardéte,1
vneeffufió,1
vnefeule,1
vnefibelle,1
vneiuftice,1
vnelourde,1
vnemere,1
vnepure,1
vnes,1
vnetrefplaifan,1
vniesq,1
vnion,1
vniràluy,1
vns,1
vo,1
voftre,1
voftrerequefte,1
voftte,1
voi,1
void,1
voifin,1
voilale,1
voilaleícucil,1
voirele,1
volo,1
voluptezj,1
voló,1
volótiers,1
volóté,1
volô,1
volôté,1
volôtéen,1
vonlás,1
voudroit,1
voudrós,1
vouloit,1
vouloyét,1
vouluft,1
voulátapaifer,1
vouläs,1
vousaccordeque,1
vousauez,1
vousen,1
vousentre,1
vousprie,1
voy,1
voyagers,1
voyát,1
voyôs,1
vray,1
vraye,1
vrayé,1
vtay,1
vtile,1
vtileil,1
vtiles,1
vtilesentant,1
vueille,1
vum,1
vuriers,1
véftus,1
vége,1
végerlesiniures,1
vér,1
vértus,1
vœux,1
w,1
wait,1
we,1
welt,1
went,1
wet,1
weſt,1
wiynemerueilleufe,1
ws,1
wy,1
xad,1
xertüs,1
xii,1
xm,1
xob,1
xqui,1
xtrement,1
ya,1
yapasvncefeulevertuen,1
yaptoposny,1
yautre,1
yelont,1
yem,1
yen,1
yhomme,1
yhôme,1
yicesinfinis,1
you,1
yures,1
yurongnerie,1
z,1
zayce,1
zc,1
zi,1
zo,1
zr,1
zx,1
|!,1
|-,1
|.,1
"|.""",1
|...,1
|:,1
|],1
||,1
||.,1
};,1
£,1
£-,1
©,1
©:,1
«,1
"«,",1
«€,1
®&,1
°..,1
»,1
"»,",1
».,1
».:,1
àcel,1
àceluy,1
àda,1
àdemi,1
àdieu,1
àl,1
àla,1
àlabonté,1
àlaioüiffancc,1
àlaioüiffance,1
àlautre,1
àutant,1
àícauoir,1
á,1
ár,1
ári,1
áriftote,1
âfcauoir,1
ânge,1
æ,1
æara,1
çience,1
çle,1
çoit,1
çoura,1
é,1
éc,1
écha,1
échaperles,1
ée,1
éft,1
éftie,1
éftoit,1
éfuit,1
éj,1
él,1
éleuez,1
éloi,1
éme,1
émpefclier,1
én,1
énne,1
és,1
ésort,1
ét,1
étion,1
étreles,1
éxtra,1
ícaitouileft,1
ícience,1
ícrit,1
íe,1
íouffre,1
îean,1
îleft,1
ïean,1
ó,1
óbeifíance,1
ót,1
óu,1
ôt,1
ù,1
ü,1
üe,1
üeeyptealásveu,1
ÿ,1
ÿneanci,1
œconomique,1
œil,1
œuure,1
œuures,1
œuvres,1
ſache,1
ſagement,1
ſalutaires,1
ſans,1
ſanté,1
ſcience,1
ſecond,1
ſecours,1
ſemble,1
ſeul,1
ſeulement,1
ſieurs,1
ſignification,1
ſinon,1
ſition,1
ſon,1
ſouffre,1
ſouffrir,1
—,1
—.,1
"—.,",1
—..,1
——,1
———,1
————,1
‘,1
‘&,1
‘|,1
’,1
’;,1
“,1
”,1
…,1
….,1
"…’"".#",1
€,1
€...,1
€»,1
