Readability,74.58
,
word,count
!',1
!),1
"!,",1
""".",1
"""?",1
$$,1
$.,1
$:,1
$;,1
$],1
%:,1
%€,1
&!,1
&',1
"&,",1
"&,&",1
&-,1
&.,1
&.',1
&..,1
&/,1
&:,1
&;,1
&],1
&°,1
&’,1
"'""",1
'&,1
'*,1
"',",1
'/,1
':,1
';,1
(&,1
((,1
(-,1
)&,1
).,1
*&,1
"+"";",1
++,1
"+,",1
",&",1
",(",1
",,",1
",,.',",1
",-&",1
",.",1
",.&",1
",:",1
",;",1
",;&",1
",<",1
",@",1
",@&",1
",»",1
-!,1
"-""",1
-&,1
-(,1
"-,",1
--,1
-.,1
-:,1
-;,1
-£,1
-—,1
-——,1
".""",1
.&,1
".&,",1
.',1
.'-,1
.(,1
.),1
".,",1
.-,1
..,1
..-,1
...,1
.......,1
....:,1
...;/!,1
..:;,1
..],1
.:,1
.::,1
.;,1
.;&;,1
.|,1
.£,1
.”,1
"/""",1
/&,1
"/,",1
/.,1
/^;,1
:&,1
:',1
:(,1
":,",1
:-,1
:.,1
::,1
::.,1
:|,1
;&,1
;&-,1
;',1
;'&,1
;(,1
";,",1
";,.-",1
;-&,1
;-.;,1
;.,1
;/,1
;:,1
;:&,1
;;,1
;;&,1
;|,1
;£,1
;»,1
">"":",1
"@,:",1
[-,1
[[,1
[|,1
].,1
"^""",1
^'^,1
^:,1
aa,1
aage,1
aane,1
ab,1
abbayes,1
abde,1
abfenci,1
abfens,1
abfeocedu,1
abfolument,1
abicempefcbot,1
abience,1
abolis,1
abregez,1
abregé,1
abtréicofte,1
abus,1
abádóner,1
ac,1
acceleree,1
acceprer,1
accoitipagnérent,1
accom,1
accommodet,1
accompagnez,1
accompagné,1
accopagne,1
accor,1
accorda,1
accordaft,1
accorde,1
accorder,1
accordez,1
accordé,1
accouftumé,1
accouftüme,1
accroiftre,1
accópagne,1
accórdie,1
acefté,1
aceótds,1
achepté,1
acheter,1
acheue,1
acl,1
acla,1
acom,1
acpuraüon,1
acque,1
acquis,1
acquita,1
acquitér,1
acra,1
acrefté,1
actb,1
acte,1
actes,1
acémiiter,1
adembléepour,1
adgües,1
adhereroit,1
adi,1
adiouftoient,1
adiqufteroit,1
adiugea,1
admettre,1
admi,1
adouciffant,1
aducr,1
aduerrit,1
aduerti,1
aduertie,1
aduertit,1
adufe,1
aduiendroyenr,1
aduifa,1
aduis,1
aduocatd,1
aduocatdu,1
ae,1
aec,1
aer,1
aet,1
af,1
afair,1
afaire,1
afaires,1
afe,1
afeirôit,1
afembleeque,1
affai,1
affairesne,1
affauoir,1
affauoit,1
affc,1
affdcia,1
affe,1
affecrígn,1
affectiohné,1
affeffeurs,1
affehrblee,1
affeimblee,1
affeiniblce,1
affem,1
affemblce,1
affemble,1
affemblec,1
affembleccuw,1
affembled,1
affembler,1
affembleroyent,1
affemblez,1
affemblezen,1
affemblé,1
affembléc,1
affeme,1
affeoir,1
afferit,1
affetnblerétle,1
affeurer,1
affeurát,1
affez,1
affeétion,1
affi,1
affiftec,1
affifter,1
affigees,1
affignation,1
affignez,1
affis,1
affiterà,1
afflemblee,1
afflige,1
affniblet,1
affociati,1
affociation,1
affociatió,1
affoibli,1
affpciation,1
affsmblee,1
affzmblee,1
afféblee,1
afféié,1
afiis,1
afin,1
afkien,1
afleinblees,1
aflem,1
aflemblec,1
aflemblee,1
aflembler,1
aflemblerent,1
aflembles,1
aflemblez,1
aflembleé,1
aflenblee,1
afleurer,1
afleurerenç,1
afleurez,1
afleyn,1
aflifte,1
aflis,1
aflligee,1
aflàuair,1
aflébleg,1
aflébler,1
aflémbleroie,1
afonoît,1
afs,1
afsc,1
afsembloit,1
afsi,1
afsiftaflenr,1
afsiftalent,1
afsifter,1
afsifté,1
afsiltex,1
afsirénræ,1
afsé,1
afséblec,1
afséblee,1
afsébler,1
aftoir,1
afucles,1
afäjce,1
afíis,1
agen,1
agir,1
agnes,1
agrado,1
agrandir,1
agreable,1
agueres,1
aheries,1
ahie,1
ahs,1
aia,1
aidoyent,1
aife,1
aifement,1
aifque,1
aiger,1
aigres,1
aigretr,1
aii,1
aile,1
aillemesiles,1
ailleurs,1
ailleürs,1
ailé,1
aine,1
ainf,1
ainfi,1
ainfiqu,1
ainfrque,1
ainh,1
ainis,1
ains,1
aio,1
aioufter,1
aiouftertels,1
aire,1
aitifi,1
aità,1
aix,1
aiétesà,1
al,1
alatéés,1
alelte,1
alemblec,1
alfemblce,1
alfembler,1
alfeurát,1
alfémblez,1
alie,1
alienati,1
alienatió,1
aliener,1
aliené,1
aliepation,1
aliept,1
alius,1
aliénation,1
allaen,1
allavifiter,1
alle,1
alleganc,1
allem,1
allema,1
allembleeledepütéd,1
aller,1
allerent,1
allertrouher,1
alles,1
allez,1
alliſter,1
alloit,1
alors,1
alpenft,1
alpin,1
alpis,1
alreuer,1
altercatiôs,1
altermu,1
alu,1
alé,1
alérnagne,1
amateürs,1
amb,1
ambaf,1
ambaffadcurs,1
ambaffadeur,1
ambaffadeurs,1
ambaffadeuts,1
ambafladeur,1
ambafladeurpoüt,1
ambafladeurs,1
ambafladeursenuoyez,1
ambaſſadeurs,1
amboyfe,1
ambrun,1
ambrunenuoy,1
ambrü,1
amcün,1
ameidetous,1
amendemét,1
amendes,1
amer,1
amets,1
amoiüdtit,1
amon,1
amplement,1
amples,1
amplémet,1
amv,1
amy,1
amyensiqui,1
amét,1
ancc,1
ance,1
ancien,1
ancienne,1
andyét,1
anecque,1
anf,1
anfttu,1
ang,1
angleterre,1
anibaffadeurs,1
aniendes,1
anife,1
anioiht,1
aniou,1
anle,1
anoit,1
anoitlieu,1
anojt,1
ansautheur,1
anse,1
ansjensediges,1
antmoins,1
antresdeputez,1
ap,1
apat,1
api,1
apo,1
apofto,1
apoftolique,1
apoftoliqueëqron,1
apoltolique,1
aporrer,1
aporta,1
aporter,1
appaifer,1
apparcille,1
apparteñoyt,1
appeilezsluy,1
appelanr,1
appeler,1
appeller,1
appellez,1
appellezemconference,1
appor,1
apporta,1
apporte,1
apporter,1
apprcheni,1
approuuer,1
approuuäs,1
approvuaer,1
apres,1
apresique,1
apresle,1
après,1
aprés,1
aptes,1
aptmoins,1
aptres,1
aqu,1
aquelle,1
ar,1
arapleitirqnice,1
arcendu,1
arche,1
archenef,1
archeucf,1
archeucfque,1
archeuefque,1
archéuéfquétecita,1
archéñéfade,1
ardheuef,1
arge,1
arma,1
armes,1
arnhäüel,1
arr,1
arrcíter,1
arre,1
arrefke,1
arrehl,1
arrelter,1
arresta,1
arrestaft,1
arreste,1
arrestee,1
arresté,1
arri,1
arriua,1
arriuee,1
arriuerent,1
ars,1
artefté,1
artendroit,1
artendu,1
arti,1
articlesen,1
articlé,1
artioles,1
artédüancla,1
aruenir,1
arzefte,1
aréhedef,1
aréhéuf,1
ascheuefque,1
aspoud,1
assemblee,1
assemblees,1
assembleeyque,1
atchenef,1
atcheue,1
atcheuefquede,1
ateonifiagaé,1
atertisde,1
atfi,1
atho,1
atholique,1
ati,1
atiis,1
ation,1
atioîk,1
atitegtirt,1
atitrés,1
atiurhee,1
atl,1
atlenenucroyent,1
atout,1
atpaffer,1
atpen,1
atrefta,1
atreftez,1
atricles,1
atte,1
attebdant,1
attefter,1
attendancqaüe,1
attende,1
attendu,1
attenué,1
attidusdèputez,1
attirerontpas,1
attribuer,1
attédu,1
au,1
auancement,1
auancer,1
auancerhérit,1
auant,1
auanx,1
aubit,1
aucans,1
aucc,1
auccles,1
auccquel,1
aucir,1
aucrtiflement,1
auct,1
auctorifer,1
aucun,1
aucune,1
aucunement,1
aucunemé,1
aucunes,1
aucuns,1
aucé,1
aucüsides,1
aucütr,1
aude,1
audenant,1
audir,1
audirseignéur,1
audirtiers,1
aue,1
auec,1
auecies,1
auecla,1
auecques,1
auecvne,1
auecvri,1
auenelles,1
auenit,1
auerti,1
auerties,1
auertiffemér,1
auertiroyent,1
auertit,1
auerty,1
aues,1
aueus,1
auf,1
aufdicseracs,1
aufditesprouinces,1
aufdits,1
auffi,1
aufi,1
aufpi,1
aufquels,1
aufquelspour,1
aufsi,1
aufsiil,1
aufsivn,1
auftontesfois,1
aug,1
augic,1
augmentatió,1
aui,1
auife,1
auifer,1
auiferoyent,1
auiférdit,1
auiour,1
aume,1
aun,1
auocat,1
auoft,1
auoic,1
auoie,1
auoir,1
auoiraf,1
auoirauéüh,1
auoirdes,1
auoirla,1
auoirtát,1
auoit,1
auoittoufiours,1
auoiét,1
auons,1
auot,1
auoyct,1
auoyenrrefolu,1
auoyetit,1
auoyántqitatefte,1
auoyéc,1
auoyént,1
auoyér,1
auoyét,1
auoïent,1
auparauant,1
aupit,1
aupyenttcuóque,1
auquel,1
auqyeneapoite,1
aurant,1
auriri,1
auroirtoufiours,1
auroit,1
auroitpourlefecourirzs,1
auroyent,1
auroyt,1
aurrcs,1
aurterenued,1
aus,1
ausi,1
austesinmomcerablesindi,1
autant,1
auten,1
auteurs,1
autfe,1
autheurg,1
authorifer,1
authun,1
autpes,1
autrauérs,1
autrd,1
autre,1
autrefois,1
autrefoys,1
autrement,1
autres,1
autresaudit,1
autresde,1
autresdeputez,1
autruy,1
autré,1
autrébent,1
autrés,1
auttes,1
autu,1
autun,1
autántqu,1
autát,1
autèi,1
auuergne,1
auure,1
auvicers,1
auviragrcable,1
auvit,1
aux,1
auxerre,1
auxestats,1
auát,1
auçayer,1
auéc,1
auétorifer,1
auídits,1
auóir,1
auóit,1
auóyent,1
auóyeüt,1
auſdirs,1
aves,1
avis,1
aviszeràl,1
avnotet,1
avoir,1
avoit,1
avoyent,1
avoyentaucc,1
avoyentde,1
avoyentennuoye,1
avoyentre,1
aw,1
awnom,1
ayans,1
ayant,1
ayanz,1
ayat,1
aybaïllees,1
ayeclanoblef,1
ayent,1
aymeroit,1
ayons,1
ayt,1
ayveu,1
ayát,1
ayäns,1
aà,1
aí,1
aíou,1
aîmez,1
añttes,1
aóoihc,1
aù,1
aü,1
aüfdites,1
aüifet,1
aüoit,1
aütliorire,1
aüttes,1
aÿec,1
ba,1
bac,1
baci,1
baffadears,1
bailla,1
baillecs,1
baillee,1
baillees,1
bailler,1
bailleroit,1
baillez,1
bailliage,1
bailloit,1
baillé,1
balacet,1
baladeurs,1
bana,1
bancs,1
bari,1
barr,1
bas,1
basjaefté,1
batailles,1
bato,1
bauche,1
bayeux,1
bazas,1
bd,1
bdbertures,1
bearcoup,1
bearn,1
beaucoup,1
beauuais,1
beaücoup,1
bec,1
bedfeinee,1
bedtmnancheixx,1
befoin,1
belieure,1
belin,1
bella,1
bellicure,1
bellieure,1
belor,1
bempré,1
beneuolence,1
berarió,1
beration,1
beñcdi,1
beüoür,1
beſoin,1
bfent,1
biam,1
bic,1
bicnau,1
bien,1
bienezon,1
biens,1
bienspóun,1
biet,1
bietípenfet,1
bifalle,1
bigor,1
bii,1
bilianexene,1
bipfepprec,1
biron,1
biyblepiveuririonéſulte,1
bié,1
biés,1
blaf,1
ble,1
blec,1
blee,1
blees,1
bleffe,1
bleib,1
blement,1
blemét,1
blerent,1
bleríes,1
bles,1
bleſſé,1
blic,1
blices,1
blige,1
blir,1
blois,1
bloys,1
blée,1
bo,1
bodin,1
bodinfutauerti,1
bodir,1
bodirine,1
bofits,1
bon,1
bondan,1
bonnes,1
bonnevo,1
bor,1
borde,1
bordeaux,1
bordeauyauec,1
borineparr,1
bornmienga,1
bot,1
boticfubüer,1
bou,1
bouc,1
bouche,1
bouclier,1
boueny,1
boufgongne,1
boulanger,1
bour,1
bourgogne,1
bourgon,1
bourgongne,1
bourgongnen,1
bourgoria,1
bourgôgne,1
boutgotigric,1
boëfme,1
bp,1
bpiers,1
bpouuoyeneretirer,1
br,1
brate,1
bre,1
breauec,1
brera,1
bretaigne,1
bretäigne,1
brianzon,1
briefuement,1
briefüsje,1
brinces,1
brise,1
briéfve,1
broricr,1
bruiteftoit,1
bréraigne,1
bsnne,1
bstiatsi,1
bt,1
btançois,1
bts,1
bu,1
bubrfid,1
bueíques,1
bz,1
bénlenger,1
bénpait,1
bó,1
bódin,1
bón,1
bóne,1
bóneraifon,1
bónnescformatió,1
bóris,1
bóuchedel,1
bóutgeois,1
ca,1
cabi,1
caeut,1
caffeétiônéz,1
cafió,1
cafuyoat,1
cagéri,1
cainffqu,1
calami,1
calamitez,1
caliinirez,1
camme,1
cammr,1
cantenut,1
capacité,1
captifs,1
cardi,1
carholique,1
carle,1
carles,1
carpe,1
carrigeés,1
cas,1
cathe,1
catho,1
catholi,1
catholiqite,1
catholique,1
catholiquero,1
catholrque,1
cau,1
caufe,1
cauſe,1
caxyvt,1
caycts,1
cayer,1
cayers,1
cayet,1
cayets,1
cayérjtó,1
cayérs,1
cb,1
cc,1
ccapresceux,1
ccfufe,1
cciour,1
cciterles,1
ccoûrs,1
cct,1
ccux,1
ccáicde,1
cde,1
cdefirbir,1
cdin,1
ce,1
ceauoirvfe,1
ceci,1
cedet,1
cedifcours,1
cef,1
cefponce,1
cefsé,1
ceft,1
cefte,1
ceftec,1
cefteffeét,1
ceftemaifon,1
cefthéur,1
ceftillu,1
ceftoit,1
cefté,1
ceftélegarionsains,1
cegxduitigrsbfta,1
ceidur,1
ceiour,1
cela,1
celafe,1
celle,1
celles,1
celmy,1
celoy,1
celte,1
celtecäufe,1
celuy,1
celà,1
cemesme,1
cemps,1
cen,1
cens,1
centre,1
cependant,1
cequ,1
ceque,1
cequi,1
cequifuveaifoque,1
cequé,1
cer,1
certains,1
ceróyáume,1
ces,1
ceste,1
cet,1
cetfions,1
ceuoir,1
ceur,1
ceux,1
ceítoyent,1
ceïqüiaupft,1
ceſt,1
cffec,1
cffer,1
cfleus,1
cfperát,1
cft,1
cftans,1
cfte,1
cftimanteftre,1
cftoir,1
cftoit,1
cftoyent,1
cftre,1
cftroitte,1
cfttefaitteen,1
cfté,1
cg,1
chaalós,1
chacdri,1
chacii,1
chacun,1
chacune,1
chacuri,1
chacut,1
chacát,1
chacü,1
chaeun,1
chaf,1
chafcun,1
chafcü,1
chaffe,1
chafteaux,1
chaftillo,1
chaftillon,1
chakdampville,1
chal,1
chalidampville,1
challé,1
chambre,1
chambrefeparec,1
champaigne,1
champäigne,1
chan,1
chancelier,1
chansy,1
chantla,1
chapitre,1
chargez,1
chargé,1
charles,1
chasi,1
chauffe,1
chaçun,1
chaücelier,1
chcreles,1
chdcund,1
chdrgcáu,1
che,1
chefort,1
chemin,1
cher,1
cheualier,1
cheuaux,1
cheuefque,1
cheuxvoyage,1
chofe,1
chofes,1
chofè,1
choifir,1
chole,1
choniinations,1
choyfir,1
choſe,1
choſes,1
chr,1
chré,1
chutitééteiru,1
chá,1
cháger,1
cháp,1
chéfs,1
ci,1
cialemét,1
cice,1
cicle,1
cidef,1
ciel,1
ciens,1
cier,1
ciers,1
ciez,1
ciigo,1
ciis,1
cilie,1
cillice,1
cilluz,1
cing,1
cingquärts,1
cini,1
cinq,1
cinquante,1
cirdinaux,1
ciroyens,1
cita,1
ciuiles,1
cià,1
ciín,1
cla,1
clair,1
clapcable,1
clarer,1
clau,1
clauſe,1
clc,1
clditilefaicéde,1
cle,1
cler,1
clergbiemporta,1
clerge,1
clergtau,1
clergé,1
clermont,1
clerpe,1
clesarrictages,1
cleus,1
clioifir,1
cloftur,1
clofture,1
clous,1
clurent,1
cn,1
cneéantmoini,1
cnt,1
cnttighixs,1
co,1
coa,1
codi,1
cof,1
cofcilliers,1
coferuatió,1
coffres,1
cofiderer,1
cofidé,1
cofo,1
coft,1
cofte,1
cofté,1
cogrür,1
col,1
colle,1
collegue,1
collegues,1
com,1
combien,1
combié,1
commande,1
commandement,1
commarida,1
commañdemét,1
comme,1
commeil,1
commeilauintapres,1
commeildit,1
commeileftoir,1
commeilz,1
commencent,1
commenceroir,1
commenceroit,1
commepre,1
commi,1
commifsions,1
commis,1
commodire,1
commumaccérd,1
commun,1
communautez,1
communi,1
communier,1
communiqué,1
commurique,1
commuñierét,1
commádement,1
commádemét,1
comodité,1
compa,1
compagie,1
compagnoyent,1
compagpies,1
comparoir,1
comparurét,1
comparut,1
compc,1
compila,1
compilatiotrde,1
complaire,1
compoler,1
comporter,1
comptes,1
comptez,1
comun,1
conci,1
concile,1
conciles,1
conclnd,1
conclud,1
conclufôni,1
cond,1
condamnez,1
conde,1
condefcendre,1
condi,1
condé,1
coneilé,1
confcily,1
confe,1
confeftz,1
confeil,1
confeilpriué,1
confeils,1
confen,1
confenri,1
confenrir,1
confenrirla,1
confente,1
confentirôyent,1
confequent,1
confereroiét,1
confermer,1
confernatiori,1
conferuation,1
conferé,1
conferéce,1
conferüarion,1
confeste,1
confester,1
confetefie,1
confetuer,1
confiderations,1
confiderer,1
confifcations,1
confiftos,1
confirmatió,1
confti,1
conftituees,1
conférés,1
congé,1
conidinét,1
conimiflións,1
conion,1
conoiffoit,1
conoiftre,1
conoiftroit,1
conois,1
conrans,1
contaminer,1
contenoit,1
contenoyent,1
contente,1
contentement,1
contenter,1
contentér,1
contenu,1
conti,1
continué,1
continüänt,1
contraint,1
contraintevuides,1
contraire,1
contre,1
contreuenit,1
conty,1
conu,1
conuenticules,1
conuers,1
conuo,1
conuoquec,1
conéilé,1
conícil,1
conſeil,1
conſeiller,1
conſentement,1
conſentie,1
conſentir,1
conſèil,1
copa,1
coparuttnt,1
copid,1
copie,1
copié,1
cor,1
coriferüárióh,1
corime,1
coripagnie,1
cormtifa,1
corománda,1
corri,1
corrigees,1
corrom,1
corrompu,1
corrompus,1
cortrre,1
cortíme,1
cotnhié,1
cotniz,1
cotnparurent,1
cou,1
coucher,1
coucur,1
couftufne,1
couftume,1
couftumé,1
couper,1
coupoyentla,1
cour,1
couride,1
couronne,1
couroyent,1
courtoifies,1
courur,1
cout,1
coute,1
coutesfois,1
couts,1
couuert,1
couurivent,1
couüftime,1
coyenttomberfar,1
cp,1
cparátileri,1
cputez,1
cq,1
cqu,1
cr,1
craignans,1
craignant,1
craigriantideftre,1
craiht,1
cre,1
creance,1
creátute,1
cri,1
cripte,1
crire,1
cro,1
croit,1
cront,1
cronvantauichaiteau,1
croy,1
croyez,1
cruauté,1
cruelle,1
cruir,1
ct,1
ctergé,1
ctirerent,1
cto,1
ctom,1
cu,1
cufes,1
cule,1
culier,1
cun,1
cuna,1
cuns,1
curations,1
curien,1
cux,1
cué,1
cuû,1
cuüe,1
cxecrations,1
cy,1
cá,1
cáclues,1
cár,1
cát,1
cátiitiid,1
cáufe,1
cáyei,1
cáyers,1
cé,1
céfait,1
céluyde,1
cémandement,1
céqu,1
cérchéfuft,1
césimil,1
céux,1
cíolus,1
cíte,1
cítim,1
có,1
cóclud,1
cófeil,1
cóferer,1
cóferuation,1
cóge,1
cóm,1
cóme,1
cómenga,1
cómmandery,1
cómuns,1
cóntinuoit,1
cópagnie,1
cóparurent,1
cótenteroit,1
cótiferüarión,1
cótraindreà,1
cótraint,1
cótraints,1
cótzil,1
côclud,1
côfcils,1
côfeil,1
côferuer,1
côfirmeér,1
côme,1
cômpres,1
côpafer,1
côtenirquelques,1
côtenu,1
côtre,1
côtribuer,1
cünflic,1
cœur,1
cœurque,1
cœurs,1
da,1
dac,1
daditmois,1
dadlieter,1
damaipe,1
dampville,1
dangereufes,1
dannemarc,1
dans,1
danslecœur,1
danuille,1
danvil,1
dar,1
das,1
dat,1
datsi,1
dauan,1
dauantag,1
dauphiné,1
dautanr,1
dautant,1
dautres,1
dauäntage,1
dayeps,1
daüphine,1
dbuge,1
dbuyer,1
dcbien,1
dceux,1
dcfolationde,1
dcfquels,1
dchibe,1
dcliberé,1
dclibération,1
dcmiod,1
dcputez,1
dcpütez,1
dcuroit,1
dd,1
dde,1
dea,1
deaonictátincs,1
deaux,1
deba,1
debatre,1
debatu,1
debonne,1
debout,1
debpé,1
dece,1
decembre,1
decernerci,1
dechoifirquelques,1
decia,1
decifi,1
decifion,1
decifió,1
deciſion,1
declaca,1
declaira,1
declara,1
declermón,1
deconferer,1
decoüfideratià,1
decpracèrer,1
dedanstrois,1
dedecesabré,1
dedh,1
dedäsile,1
def,1
defa,1
defaduouer,1
defai,1
defang,1
defaucu,1
defauouc,1
defcouuerts,1
defdires,1
defdits,1
defe,1
defefpoir,1
defeldü,1
defence,1
deferice,1
defeurier,1
defeétueux,1
defeñce,1
deffenduc,1
deffiance,1
deffus,1
deffíar,1
defi,1
defire,1
defirent,1
defirer,1
defireux,1
defiroirexpedier,1
defiroit,1
defiroiteftre,1
defirét,1
defité,1
defnfdies,1
defolarié,1
defoûinten,1
defpouillant,1
defrance,1
defrä,1
deftouirnc,1
deftourner,1
deftournoir,1
defunéte,1
degenerer,1
degré,1
degui,1
dehc,1
dehr,1
dei,1
deicerps,1
deimbnſreurjeighan,1
dein,1
deiparis,1
deiroit,1
dekdepui,1
dekplis,1
del,1
dela,1
deladite,1
deladitte,1
delafôtiſttuiätion,1
deldics,1
delen,1
deles,1
deliare,1
delib,1
delibe,1
deliber,1
delibera,1
deliberatiuc,1
delibere,1
deliberer,1
delibererdere,1
delibereroir,1
deliberex,1
deliberoitfuruint,1
deliburee,1
delibération,1
delinrees,1
delire,1
delle,1
delny,1
delot,1
delpée,1
delà,1
demain,1
deman,1
demanda,1
demandanr,1
demanderenr,1
demandoir,1
demandoit,1
demandoittrois,1
demandoyent,1
demandé,1
demcinc,1
demeura,1
demeure,1
demeurer,1
demeureroyent,1
demeutatoüfronrs,1
demi,1
demic,1
demonftratiós,1
demourafans,1
demouraífent,1
demourer,1
demourerattendant,1
demáde,1
demä,1
demäder,1
deméureroit,1
demóureta,1
dence,1
deness,1
denie,1
denis,1
denoit,1
denon,1
denous,1
dep,1
depa,1
depapier,1
deparis,1
departir,1
departit,1
deparérd,1
depattit,1
depecer,1
depefchee,1
deperez,1
depitez,1
deplaifant,1
deplaifir,1
deploroit,1
depnie,1
depntez,1
depre,1
depreltéf,1
dept,1
deptitez,1
deptitéz,1
depté,1
depu,1
depui,1
depuiezidechacun,1
depuis,1
depuisfutcorinueeteióur,1
depumez,1
depure,1
depurep,1
depurez,1
depurezou,1
depurt,1
depuré,1
depuréz,1
depus,1
deput,1
deputex,1
deputez,1
deputezdesttoisestats,1
deputezgetieraux,1
deputezipárticu,1
deputezirovent,1
deputtz,1
deputé,1
deputéde,1
deputéz,1
deputézidu,1
depürezy,1
depütez,1
dequoy,1
der,1
dercchef,1
dere,1
dereche,1
derechef,1
derechestuy,1
deretonr,1
dernic,1
dernier,1
derniere,1
deroateszttresnatiôs,1
deron,1
derousles,1
derriere,1
des,1
desaf,1
desautresgougernemens,1
desbtusdoux,1
descaydrs,1
descayers,1
desdeputez,1
deseftrangers,1
deseftäts,1
deseheeey,1
desenlis,1
desestats,1
desiamba,1
desideux,1
dessest,1
destebts,1
destoger,1
destorsienauit,1
destoyaux,1
destrois,1
desvestats,1
det,1
deteftable,1
detnént,1
detoiet,1
detoüs,1
detoüte,1
dettes,1
detzes,1
deu,1
deuanr,1
deuant,1
deuat,1
deuers,1
deues,1
deuets,1
deui,1
deuienne,1
deuoir,1
deuoit,1
deuoiér,1
deuons,1
deuoyent,1
deuoyérplu,1
deuoyét,1
deuroit,1
deux,1
deuxgentils,1
deuánt,1
deuátit,1
deuâciers,1
deuät,1
deuóyeit,1
dev,1
devait,1
devant,1
devcpifbre,1
deviboées,1
devienneluy,1
devillequier,1
devié,1
dex,1
dextre,1
dez,1
deáánt,1
deæfrance,1
deéaÿer,1
deéifiógides,1
deés,1
deídies,1
deídites,1
deídits,1
deüxads,1
deſ,1
deſole,1
deſquels,1
dhl,1
di,1
dia,1
diacres,1
diane,1
dibpeifa,1
dic,1
dicbo,1
diceux,1
dickspiml,1
dicours,1
dicqu,1
dics,1
didifion,1
didotir,1
diei,1
dien,1
dienfuÿüanc,1
dient,1
dieu,1
dif,1
difans,1
difant,1
difciph,1
difcord,1
difcourant,1
difcourir,1
difcouront,1
difcours,1
difcretion,1
diferereht,1
diffe,1
differat,1
differe,1
differee,1
differerent,1
differét,1
differétes,1
diffeser,1
diffetént,1
difficulte,1
difficulté,1
différer,1
difner,1
difnér,1
difoir,1
difoit,1
difony,1
difoy,1
difoyent,1
difoyentqué,1
difpofee,1
difpofeàleur,1
difputant,1
difputes,1
difriér,1
dift,1
difänt,1
difé,1
difüiculcezde,1
digne,1
diiiétichéz,1
diis,1
diit,1
dilfaddrdity,1
diligctice,1
dimanche,1
dimitiss,1
dimituer,1
dinaires,1
dioit,1
dion,1
dir,1
dirañiéhe,1
directement,1
direnr,1
dirent,1
direrit,1
dirhitiuer,1
diri,1
diroit,1
diroityles,1
dirs,1
diré,1
dita,1
ditbodin,1
dite,1
dites,1
diti,1
ditique,1
ditlsptoeuratións,1
ditque,1
ditr,1
ditsdepotez,1
ditsdeputez,1
ditte,1
dityque,1
diuer,1
diuerfité,1
diuers,1
diuertir,1
diuini,1
diuorce,1
dius,1
divqu,1
divroyde,1
dix,1
dixfepr,1
dixfept,1
dixíept,1
diz,1
diáàu,1
diédes,1
diétionsdont,1
diéü,1
dióyent,1
dk,1
dlembleedu,1
dn,1
dna,1
dnd,1
dnroyiln,1
doble,1
dogmarizás,1
dogmatizäs,1
dohnér,1
dois,1
doitfaire,1
doizeperfont,1
dolcances,1
dolcaéts,1
dolean,1
doleances,1
domainc,1
domine,1
dommage,1
domsin,1
domter,1
donc,1
doncques,1
donne,1
donnec,1
donner,1
donnerándictiee,1
donnerét,1
donnet,1
donneten,1
donpee,1
donr,1
donrierseglé,1
donril,1
dont,1
dontoit,1
donton,1
dopo,1
doriai,1
dornairie,1
dors,1
dotald,1
dou,1
douai,1
douanne,1
doubte,1
douces,1
dougd,1
doute,1
doux,1
douze,1
doyetit,1
doéteup,1
doéteur,1
doñner,1
dp,1
dprevnir,1
dr,1
dre,1
dredi,1
dref,1
dreffee,1
dreffäck,1
drel,1
dres,1
dreux,1
dreà,1
drkiniccet,1
droitdiuin,1
drpuitet,1
drè,1
drés,1
ds,1
dt,1
dtitoit,1
du,1
dubcrbmeur,1
duc,1
ducayer,1
ducde,1
duclerpe,1
ducleïge,1
ducoité,1
ducs,1
dudicmois,1
dudie,1
dudir,1
dudire,1
dudirtiers,1
dudit,1
duditmois,1
dudizsiem,1
dudre,1
dudü,1
dufoihg,1
dui,1
duin,1
duipays,1
duire,1
duirtes,1
duis,1
duit,1
duplusiparticulierementà,1
dupuy,1
duquel,1
dur,1
dura,1
durant,1
duriers,1
duroy,1
duroya,1
durroy,1
duré,1
dus,1
dut,1
dutiers,1
dutres,1
dutunes,1
dutzes,1
duviers,1
duy,1
duédé,1
duítes,1
dvxuaanc,1
dx,1
dy,1
dysbras,1
dà,1
dàffembleecda,1
dáger,1
dáners,1
dánt,1
dásge,1
dáürant,1
dè,1
dé,1
déaoit,1
débourgoagae,1
décent,1
défa,1
défaut,1
défquelles,1
déftharger,1
dégatée,1
déillaisrehn,1
déla,1
déliberatiohr,1
déliberation,1
délmayés,1
démaine,1
déméar,1
dép,1
déparéde,1
déprefentqu,1
dépririces,1
dépuistequel,1
dépurez,1
députe,1
députez,1
député,1
députéz,1
déquinze,1
dérechef,1
dérnier,1
dés,1
désestats,1
désitreze,1
déteuoquer,1
déuoit,1
déux,1
déuzé,1
déuänciers,1
déüers,1
dó,1
dónc,1
dóner,1
dót,1
dóuz,1
dônnee,1
dôné,1
dôtila,1
dû,1
dü,1
dücde,1
ea,1
eaac,1
eachete,1
ean,1
earefponce,1
eaux,1
eb,1
ebux,1
ec,1
ecboctai,1
eccependartil,1
eccle,1
ecdestors,1
eceeut,1
ecitro,1
eclesi,1
econdec,1
ecordee,1
ecqwe,1
ect,1
ed,1
eddie,1
ede,1
edefques,1
edet,1
edffcutás,1
edi,1
edic,1
edir,1
ediéts,1
edle,1
edt,1
edu,1
ee,1
eed,1
eeditsieur,1
eei,1
eeit,1
eeluy,1
eeí,1
ef,1
efati,1
efats,1
efatsiles,1
efc,1
efchafaut,1
efchenin,1
efcoffe,1
efcrit,1
efcrits,1
effars,1
effat,1
effats,1
effc,1
effdtià,1
effe,1
effees,1
effer,1
effet,1
effeéts,1
effle,1
effoit,1
efforceroyée,1
efforcoyéc,1
efforçoyent,1
effre,1
efirees,1
efkoicla,1
efoyent,1
efperance,1
efperances,1
efperer,1
efperoit,1
efprirtous,1
efprit,1
efpritpour,1
efprouut,1
efqu,1
efquel,1
efquellés,1
efta,1
eftae,1
eftaf,1
eftag,1
eftais,1
eftancaccom,1
eftanit,1
eftans,1
eftant,1
eftantle,1
efte,1
eften,1
eftericlin,1
efti,1
eftidia,1
eftime,1
eftiment,1
eftits,1
efto,1
eftoic,1
eftoicpofsiblede,1
eftoienr,1
eftoient,1
eftoiprequis,1
eftoir,1
eftoirde,1
eftoirencores,1
eftoirpoffible,1
eftoirtelle,1
eftoisíaule,1
eftoit,1
eftoitlépremjer,1
eftoitmaldif,1
eftoitordinairement,1
eftoitreduit,1
eftoiét,1
eftot,1
eftoyent,1
eftoyentiles,1
eftoyenttenus,1
eftoyonepreuerius,1
eftoyént,1
eftoyét,1
eftrange,1
eftranger,1
eftrangers,1
eftrce,1
eftre,1
eftt,1
eftte,1
eftvray,1
eftzedu,1
eftàc,1
eftánt,1
eftár,1
eftát,1
eftátderetour,1
eftáts,1
eftär,1
eftäts,1
efté,1
eftédircidestus,1
eftóit,1
eftóyent,1
efuentee,1
eg,1
egda,1
egli,1
eglife,1
egliſe,1
ehet,1
ehügyee,1
ei,1
eibi,1
eicre,1
eie,1
eil,1
eille,1
eint,1
eir,1
ej,1
ela,1
elcrir,1
elcuaftparéommandement,1
ele,1
elede,1
eligió,1
elis,1
elle,1
elles,1
ellesfe,1
ellesieftoyent,1
elo,1
elouir,1
eltats,1
eltoit,1
eltre,1
emble,1
emblec,1
emblez,1
embro,1
ementá,1
emerent,1
emfaire,1
emologuec,1
emparez,1
empefcher,1
empefcherent,1
empereur,1
employez,1
emporterent,1
emuoya,1
eméfmeieur,1
ence,1
enceftequalite,1
enclin,1
encotes,1
encourront,1
endeli,1
endeliberation,1
endradi,1
endroit,1
endroits,1
ene,1
enerall,1
eneut,1
enfem,1
enfemble,1
enfemblé,1
enfl,1
enfuit,1
enfuy,1
enfuyuant,1
enfuyuát,1
engue,1
eni,1
enientranten,1
enipreféce,1
enit,1
enjvne,1
enl,1
enla,1
ennemis,1
ennoyer,1
enqualire,1
enrefoudre,1
enrendre,1
enrr,1
enrrer,1
ent,1
enten,1
entendement,1
entendemént,1
entendit,1
entendoit,1
entendoyent,1
entendre,1
entendreyi,1
entendu,1
enteroyent,1
entetidét,1
entier,1
entiere,1
entierement,1
entiers,1
entour,1
entous,1
entout,1
entoye,1
entr,1
entre,1
entrecüx,1
entree,1
entrepré,1
entrer,1
entrerenementdelipaixs,1
entrerenemiét,1
entreroit,1
entreroybnt,1
entrete,1
entretenermét,1
entretenir,1
entretenit,1
entretenu,1
entré,1
enté,1
entémét,1
entéétene,1
enuers,1
enuets,1
enuoy,1
enuoya,1
enuoyaaufsi,1
enuoyc,1
enuoye,1
enuoyer,1
enuoyez,1
envoyé,1
enſemble,1
eo,1
eole,1
eonimc,1
eontenanr,1
eorge,1
eorrigees,1
eos,1
eotd,1
eouy,1
ep,1
epi,1
eplife,1
epuis,1
equalite,1
eque,1
equi,1
eral,1
erau,1
eref,1
ereititreié,1
ereá,1
erfurarreste,1
eri,1
erifemble,1
erifuigant,1
erige,1
eris,1
erité,1
erlédit,1
ermandois,1
ernuoyezpar,1
eroicere,1
eroit,1
eroyét,1
erperuelle,1
erquant,1
errange,1
ers,1
ersifonti,1
eruez,1
eruices,1
eruit,1
ervauoit,1
erwéroibi,1
erád,1
esa,1
esi,1
esinftroétiôs,1
esit,1
espere,1
est,1
esta,1
estaits,1
estat,1
estatanoit,1
estatde,1
estatdudic,1
estatfe,1
estatide,1
estatit,1
estatjaccomp,1
estatparlaicommeil,1
estatqui,1
estats,1
estatse,1
estatsen,1
estatsfappliaffentle,1
estatsyèndoyroÿe,1
estatte,1
este,1
esteu,1
esteur,1
esteurs,1
esteüz,1
estimoisles,1
estire,1
esto,1
estoit,1
etat,1
etats,1
etd,1
ete,1
etes,1
etfur,1
ethdti,1
eti,1
etic,1
etie,1
etme,1
etnpetthe,1
etr,1
etreurs,1
ett,1
ettar,1
ettars,1
ettats,1
ette,1
eu,1
eubdiviiiour,1
euc,1
eucfque,1
eue,1
euef,1
euefque,1
euelque,1
euencmés,1
eues,1
eueſque,1
euf,1
euffent,1
euft,1
euftjefte,1
euple,1
eur,1
euraittpit,1
euretez,1
eurétez,1
eus,1
eut,1
eutaticune,1
eutaucundeputé,1
eutíque,1
eux,1
eviter,1
excepre,1
excogitez,1
excufa,1
excufe,1
excufer,1
excuſer,1
excuſes,1
exe,1
exemple,1
exeniptions,1
exer,1
exercice,1
exetcice,1
exeufa,1
exhortal,1
exhortans,1
exhortant,1
expedialteritledts,1
expedier,1
explicatió,1
expofa,1
expofer,1
expoferoit,1
expoft,1
expreffe,1
exprelemét,1
expres,1
expreste,1
expôfa,1
extiper,1
extrait,1
extraordinaires,1
extremement,1
extát,1
exécution,1
ez,1
eés,1
eéstat,1
eí,1
eícric,1
eít,1
eónbrere,1
eürs,1
eſt,1
eſtar,1
eſtate,1
eſtats,1
eſtime,1
eſtimé,1
eſtoit,1
eſté,1
fablenccdes,1
facaufsr,1
facaux,1
faceaucü,1
faceentédre,1
facheau,1
fachffculré,1
fachät,1
faché,1
facon,1
facreperé,1
facrifier,1
facrifirois,1
facré,1
facéfleu,1
fadeurs,1
fadite,1
fadt,1
faf,1
fafdits,1
faffetexpediéa,1
faflér,1
faft,1
fages,1
fai,1
faic,1
faicen,1
faictvn,1
faicà,1
faiets,1
faifanceniédre,1
faifant,1
faifanteraiter,1
faifatr,1
faifir,1
faifoit,1
faifon,1
faifoyent,1
faifoyt,1
faifoyént,1
faihs,1
failiede,1
faillir,1
faines,1
faintes,1
fainétes,1
faio,1
faioit,1
faire,1
fairece,1
faireidon,1
faireien,1
fairen,1
fairerequelté,1
faires,1
fairè,1
fairé,1
fais,1
fait,1
faitctroue,1
faite,1
faites,1
faitides,1
faitprofefsion,1
faitre,1
faitrequefté,1
faits,1
faitstendoyét,1
faitte,1
faittoais,1
faitééütretenir,1
faiuantl,1
faiuäcen,1
faiéte,1
faiſant,1
fajnes,1
fal,1
falle,1
faluerept,1
falut,1
fam,1
famaicfté,1
fancé,1
fansr,1
fanta,1
fappli,1
fappliet,1
fapplié,1
fartié,1
faruenirà,1
farétderechefrapyh,1
fas,1
fase,1
faste,1
fatauffileu,1
fatcoritinuec,1
fatiatrefté,1
fatiffaire,1
fau,1
faudrc,1
faudroit,1
faueur,1
faueus,1
fauez,1
fauoir,1
fauroit,1
faut,1
faute,1
fautes,1
faveurs,1
favie,1
fawirvitie,1
fayse,1
fb,1
fc,1
fcil,1
fclon,1
fcm,1
fcmeméne,1
fcr,1
fcra,1
fcroit,1
fcruicede,1
fcrutateur,1
fcule,1
fculement,1
fculemét,1
fdrlpotteroic,1
fe,1
fea,1
fean,1
feance,1
feanre,1
feant,1
fecamcttencen,1
fecauditriers,1
fecond,1
fecorid,1
fecoufle,1
fecouririle,1
fecourit,1
fecours,1
fecuicesemfemble,1
fedemiquartdheuteer,1
fedfierry,1
fedhaiter,1
fedirio,1
feentendoyent,1
feerertes,1
fef,1
fefinles,1
fefirén,1
fefp,1
fefpondit,1
fegoit,1
feiets,1
feinblable,1
feinbleé,1
feiour,1
feli,1
feliciré,1
felicite,1
fellee,1
felo,1
felohlordre,1
femblable,1
femblables,1
femble,1
femblec,1
femblee,1
fembleej,1
fembler,1
fembloiti,1
feminateur,1
femondre,1
fencedupresident,1
fene,1
feneftre,1
feniblce,1
fenient,1
fent,1
fentcfte,1
fentiment,1
fentit,1
fentoit,1
fentát,1
feparémentgferoic,1
feparémét,1
fepou,1
feprefenterent,1
fepresteus,1
fept,1
fera,1
ferait,1
feray,1
ferblee,1
feret,1
feriblable,1
feriens,1
fermét,1
feroicde,1
feroir,1
feroirdélibere,1
feroirfugplie,1
feroit,1
feroitaccarde,1
feroitcómuniquec,1
feroittoucht,1
feronftrances,1
feront,1
feroyenr,1
feroyent,1
feroyé,1
feroyérouys,1
feroyét,1
ferte,1
feruant,1
feruent,1
ferui,1
feruice,1
feruicede,1
feruiceyille,1
feruicés,1
feruir,1
feruoit,1
fes,1
fesdeleur,1
fesnecefütez,1
festo,1
fet,1
fetné,1
feto,1
fetoht,1
fetoirarraché,1
fetoit,1
fetronuer,1
fetrou,1
fetrouueroient,1
fette,1
fetuiceurcre,1
feudi,1
feul,1
feule,1
feulemenr,1
feulement,1
feulemétr,1
feuricr,1
feurier,1
feuriér,1
feux,1
fev,1
fevoir,1
fevoit,1
fevoyécmestez,1
fevrier,1
fezrétajres,1
feídits,1
feülemenr,1
ff,1
ffem,1
ffo,1
fh,1
fhinéte,1
fhoicentr,1
fhois,1
fi,1
fian,1
fias,1
fic,1
ficadtmoiris,1
ficats,1
fice,1
fichez,1
ficopiá,1
ficre,1
ficurs,1
ficvrie,1
fidaxminoftro,1
fidele,1
fidelite,1
fidelité,1
fideljte,1
fidelle,1
fidelles,1
fident,1
fiderát,1
fiderét,1
fidéritle,1
fiege,1
fiellé,1
fier,1
fiet,1
fieur,1
fieuts,1
fifia,1
fiflé,1
fift,1
fiftíco,1
figit,1
fignamtnept,1
fignee,1
fignees,1
figneraux,1
figné,1
figuré,1
fii,1
fiir,1
fiiré,1
filong,1
filé,1
fimple,1
finaciers,1
finalement,1
finançes,1
finarices,1
finon,1
finâces,1
fiodvtei,1
fioit,1
fion,1
fipeudeté,1
fiphices,1
fippliépoit,1
fique,1
fira,1
firaufsi,1
firent,1
firentefcrirt,1
fireriténdre,1
firuétions,1
firét,1
fis,1
fite,1
fitentendreen,1
fitr,1
fitát,1
fiv,1
fixés,1
fiyiwent,1
fiíft,1
fjemeral,1
fl,1
flars,1
flattetie,1
flire,1
floriffant,1
floyent,1
fn,1
fnan,1
fnances,1
fnatin,1
fnbrozez,1
fnicts,1
fo,1
foc,1
fofxäte,1
fohds,1
foie,1
fois,1
foit,1
foitquaf,1
foixante,1
foji,1
folennitez,1
folenriellement,1
follenncllement,1
follicitez,1
follicitoit,1
folu,1
folucion,1
foluent,1
folus,1
fomaicle,1
fomme,1
fommes,1
fon,1
fondamétale,1
fondez,1
fondifner,1
fondoyent,1
fonds,1
fonnent,1
fonné,1
fonrdite,1
fons,1
fontouyes,1
fonuent,1
fopnermen,1
forc,1
forcesiqai,1
foref,1
foret,1
fori,1
fornie,1
forquoy,1
fortant,1
forti,1
fortindigat,1
fos,1
fotisieut,1
fott,1
fouci,1
fouffertes,1
fouffrir,1
foufpir,1
fouftenement,1
fouftenir,1
fouhairtoit,1
fouil,1
foulager,1
foule,1
fource,1
fournir,1
fous,1
fout,1
fouu,1
fouuerain,1
fouuerainete,1
foy,1
foybli,1
foyent,1
foys,1
foyét,1
fpecia,1
fpecialemenc,1
fplendeur,1
fpoliezde,1
fputex,1
fpáceau,1
fr,1
fra,1
fraince,1
frais,1
franceglefquels,1
francé,1
frangoife,1
françoyfc,1
françoys,1
fratice,1
frbon,1
fre,1
freft,1
frere,1
fri,1
frire,1
frm,1
froyent,1
frqnce,1
fru,1
fruis,1
frxnc,1
frâce,1
früit,1
fs,1
fsdctits,1
fsieurs,1
fskospuertace,1
ft,1
ftablir,1
ftans,1
ftat,1
ftats,1
fte,1
ftej,1
ftemblee,1
ftenu,1
fteo,1
fter,1
fterejf,1
ftes,1
fteéréiicà,1
ftier,1
ftituces,1
ftitüces,1
ftoft,1
ftoir,1
ftoit,1
ftoitau,1
ftoitcontre,1
ftoitien,1
ftolique,1
ftoyent,1
ftoyétextraites,1
ftrances,1
ftrancesfutérit,1
ftre,1
ftze,1
ftáit,1
ftáts,1
ftäce,1
fté,1
fu,1
fubfdes,1
fubicéts,1
fubiet,1
fubner,1
fubuenir,1
fubuerfon,1
fuc,1
fudfent,1
fue,1
fueillets,1
fuf,1
fufcitez,1
fufdire,1
fufdite,1
fufdits,1
fuffent,1
fuffentcenues,1
fuffentincó,1
fuffée,1
fuflent,1
fufsét,1
fuft,1
fuftalieñé,1
fuftance,1
fufttrou,1
fufènremployez,1
fui,1
fuiets,1
fuietsái,1
fuis,1
fuit,1
fuite,1
fuittc,1
fuiuie,1
fuiètsen,1
ful,1
fumaïbfté,1
fup,1
fupphant,1
fupplia,1
fupplication,1
fupplie,1
fuppliec,1
fupplier,1
fuppliäriés,1
fupplié,1
fuppliéau,1
fupplte,1
furafrofté,1
furaires,1
furarreste,1
furarresté,1
furcclales,1
furce,1
furent,1
furentauffi,1
furle,1
furlemercredÿ,1
furplus,1
furpluss,1
furquoy,1
furrrouuce,1
furárrefte,1
furé,1
furént,1
furét,1
fus,1
fut,1
futan,1
futarresté,1
futaucrti,1
futauffi,1
futent,1
futrarresté,1
futroufourscoëtinue,1
futrôpue,1
futt,1
futét,1
fuvau,1
fuy,1
fuyuanril,1
fuyuant,1
fuyuent,1
fuyui,1
fuyuie,1
fuyuoyent,1
fuyure,1
fuyuácce,1
fuyuät,1
fye,1
fäg,1
fé,1
féblable,1
fécouti,1
fédé,1
fémblée,1
fénrèmenr,1
fépeut,1
féroir,1
féroit,1
fés,1
fétoyént,1
fétéit,1
fó,1
fóns,1
fónsyeul,1
fórids,1
füecttefol,1
füfdite,1
füft,1
füiets,1
füperfcription,1
füpphoitnetioutermaäuuais,1
füpriia,1
für,1
fürce,1
fürplus,1
fürtetiers,1
füréé,1
füt,1
fütarreste,1
füyuántle,1
gabelles,1
gagnez,1
gaiges,1
gard,1
gardee,1
garder,1
garhli,1
garni,1
gation,1
gatliolique,1
gatts,1
gayet,1
gde,1
ge,1
geaft,1
gede,1
geenuers,1
geigner,1
gement,1
gen,1
gencral,1
gencrale,1
gencraux,1
genctal,1
genecdit,1
generale,1
generales,1
generalle,1
generaux,1
generauxfntent,1
genou,1
gentil,1
gentils,1
gentilsshó,1
ger,1
gerieral,1
gerieralé,1
ges,1
gh,1
gher,1
ghieftienteyeftoit,1
gi,1
gia,1
gidlns,1
gil,1
gilationdacayergenetal,1
gion,1
gjermont,1
glemérde,1
glerge,1
glergée,1
glh,1
glicidald,1
glife,1
gliqués,1
gloire,1
gn,1
gncut,1
gneespar,1
gnerrei,1
gnitezqui,1
gné,1
goauet,1
gode,1
goe,1
goin,1
gomtntftiquer,1
gotuer,1
gou,1
gouffre,1
gouft,1
gouftee,1
goumeruernés,1
gounernement,1
gounernemés,1
gourleclerpep,1
goutte,1
gouucr,1
gouucrne,1
gouuctnemés,1
gouuer,1
gouuernc,1
gouuerne,1
gouuernemens,1
gouuernement,1
gouuernementquieftoyéties,1
gouuernemés,1
gouuernetent,1
gouuetnement,1
gouviérne,1
gouyernemét,1
goweerreément,1
gpev,1
gr,1
gra,1
gracedene,1
granc,1
grande,1
grandes,1
grarides,1
gras,1
grateurs,1
gratides,1
gratif,1
gratifié,1
grcfement,1
greable,1
gref,1
greffe,1
greffier,1
greffiet,1
greftes,1
grefíeis,1
grefñer,1
grefüer,1
gricaleure,1
grrr,1
grád,1
gráde,1
gráds,1
grâde,1
gräd,1
gräds,1
grécieux,1
gréffers,1
gtand,1
gteffei,1
gtmdédiligence,1
gtánd,1
gucies,1
guer,1
guercd,1
gueres,1
gueries,1
guerr,1
guerrc,1
guerre,1
guerres,1
guerte,1
guetre,1
guette,1
gueu,1
gueur,1
guezre,1
guife,1
guit,1
guttrc,1
guyengé,1
guyenne,1
guyfe,1
guyénne,1
guère,1
guérre,1
gé,1
gédazme,1
géiour,1
géneral,1
gérils,1
gés,1
gógne,1
gômicrnernene,1
haegeidafon,1
haftilló,1
haftoyent,1
haie,1
hannir,1
harañgüe,1
harañigue,1
harágue,1
harágues,1
haréngne,1
hase,1
haut,1
hazarder,1
hditestociati,1
hebricu,1
heceft,1
hecesticé,1
hed,1
hei,1
heiour,1
hemard,1
hemardÿgukauoit,1
hemart,1
hencfices,1
henexd,1
henri,1
heraült,1
hercfie,1
hernart,1
heräuloluy,1
het,1
hetre,1
hetén,1
heure,1
heures,1
heuse,1
heutcsoulnuipon,1
heéefsire,1
hifähuiér,1
hliterefblution,1
hluy,1
hn,1
hnobk,1
hoflilles,1
hoftel,1
hogrie,1
holique,1
hom,1
hominesiexperd,1
hommce,1
homme,1
hommes,1
honheftes,1
honneftes,1
honnenr,1
honneuc,1
honneur,1
honneurd,1
honneut,1
honnora,1
honnorable,1
honnétirs,1
horribles,1
hors,1
hote,1
hotete,1
hotineur,1
houtouze,1
hryspáurifupplier,1
hs,1
hsifatailles,1
ht,1
hu,1
humain,1
humblemétlé,1
humiite,1
huy,1
hvolléaue,1
hy,1
hà,1
há,1
hésmais,1
hómes,1
hóneut,1
hôme,1
hônneut,1
hübles,1
hümain,1
ia,1
iaccordé,1
iaftic,1
iai,1
iam,1
iamais,1
iamuis,1
ianuier,1
iariuier,1
iathaisidecens,1
ib,1
ibarécen,1
ibfaifqie,1
ibfautcoroire,1
iboefefe,1
ibvreott,1
ic,1
iccuxleutf,1
icel,1
icelay,1
icele,1
icelle,1
icellescómnniquet,1
iceluy,1
iceluysauec,1
iceux,1
ich,1
ici,1
ick,1
icono,1
ics,1
icz,1
icédenttrouuez,1
icóteiir,1
ident,1
ideo,1
idetant,1
ideuant,1
ideuit,1
idger,1
idintausi,1
iditteassemblee,1
ie,1
iecitesent,1
iecur,1
ied,1
iedp,1
iegrspóuuoits,1
ieiice,1
iein,1
iem,1
ieplini,1
iers,1
iersefanponr,1
ies,1
iesambaffadeurs,1
iet,1
ietajtce,1
iete,1
iets,1
ieudi,1
ieur,1
ievous,1
iffance,1
ifianirencton,1
ificati,1
ifle,1
ifon,1
ift,1
ifte,1
iftouru,1
iftrats,1
ifté,1
igftruétiés,1
ignee,1
ignoraffent,1
iguerres,1
ihonrióyeyfefoyétseceués,1
iháeclict,1
ii,1
iia,1
iie,1
iii,1
iiii,1
iioc,1
iis,1
iisiour,1
iit,1
iiti,1
iiédé,1
ij,1
ikcafin,1
ikirromamezoit,1
ikles,1
il,1
ila,1
ilaefté,1
ilauoinrapporéaw,1
ilauoit,1
ilauoiteu,1
ilauojt,1
ildoibt,1
ile,1
ileft,1
ileftoit,1
ilenuoya,1
iles,1
ileurs,1
ileÿendredi,1
ilfe,1
ilfetrouna,1
illes,1
illu,1
illuminer,1
illuminet,1
iln,1
ilong,1
ilot,1
ilpleuft,1
ilrouchaft,1
ilroyent,1
ils,1
ilsauifaffent,1
ilsauroyent,1
ilsavoyent,1
ilsc,1
ilseftoyened,1
ilsfónt,1
ilsie,1
ilsieurenc,1
ilsnet,1
ilu,1
iluy,1
ily,1
ilz,1
im,1
imd,1
imedi,1
imgementdcs,1
imiais,1
immeublesill,1
impofitions,1
impofrancqu,1
impofsibilicé,1
impofsibilité,1
importe,1
importele,1
importois,1
impunémét,1
inaudite,1
inb,1
incegpteter,1
inche,1
inclingirtoufionrs,1
inconneniens,1
indem,1
indes,1
indifpolition,1
indigne,1
ine,1
ineuita,1
infcutueux,1
inferer,1
infinis,1
infinité,1
inflitution,1
informé,1
infquesau,1
infru,1
inftamment,1
inftance,1
inftantficetitre,1
inftantl,1
inftcuctiós,1
inftru,1
inftructions,1
inftructió,1
inftructiós,1
inftructíós,1
inftrudtions,1
inftrutlion,1
inftruébions,1
inftruétions,1
inftruétionse,1
inftttéiüns,1
inftámét,1
iniciss,1
inier,1
inillions,1
ino,1
inofoláble,1
inr,1
int,1
inte,1
inten,1
intenrió,1
intentióhj,1
interdire,1
interitjon,1
intermi,1
intermif,1
interrompus,1
interéffe,1
intime,1
intiter,1
introdu,1
intértémpul,1
inuentez,1
inuincibli,1
inuiolable,1
inuiration,1
inuitans,1
inuiterentà,1
inutiles,1
inuéntions,1
iny,1
inſpirer,1
inſtruire,1
io,1
iogrs,1
iogtéefpce,1
ioigneauecquele,1
ioindre,1
ioindroi,1
ioint,1
iondroyérdereleue,1
ionne,1
ionnez,1
ionts,1
iooiola,1
ior,1
ios,1
iotis,1
ioucidadit,1
iouf,1
ioufta,1
iouiffent,1
ioupfuyuáno,1
iour,1
iourdudit,1
iourdulen,1
iourdé,1
iourifut,1
iournees,1
iours,1
iout,1
iouts,1
ioyeu,1
ip,1
ipaux,1
ipcommoditez,1
ipee,1
ipf,1
ipindre,1
ipioür,1
ipiudreau,1
iple,1
iqi,1
ique,1
ir,1
irat,1
irent,1
iride,1
iroyent,1
iru,1
isa,1
ise,1
isrdohnet,1
itappartiédroits,1
itio,1
itiportáée,1
itiréhei,1
itió,1
itoyent,1
itp,1
itées,1
itíances,1
itóyett,1
iu,1
iuces,1
iue,1
iuf,1
iufqs,1
iufques,1
iufquesau,1
iufs,1
iufte,1
iuftemét,1
iufté,1
iuge,1
iugeanttrefneceffairc,1
iugem,1
iugemenr,1
iugement,1
iugeniétqu,1
iuger,1
iugermy,1
iuges,1
iuget,1
iule,1
iuoy,1
iur,1
iurez,1
ivelie,1
iwlonl,1
ix,1
iy,1
iádaertillerént,1
iäinte,1
iérsestat,1
iéèux,1
ióne,1
iüfques,1
iſle,1
jadeursivers,1
jadise,1
jamais,1
jan,1
jarre,1
jaxncheure,1
jc,1
jcomime,1
je,1
jen,1
jesmaux,1
jeu,1
jeudi,1
ji,1
jimeifon,1
jm,1
jnauátre,1
jogee,1
jour,1
jours,1
js,1
ju,1
juge,1
jui,1
juis,1
juy,1
juſtes,1
jáities,1
jé,1
jóateti,1
jóri,1
kai,1
kde,1
ke,1
kes,1
kf,1
koy,1
koyaume,1
krebgions,1
ktcheüe,1
ku,1
kucb,1
kóy,1
labelongne,1
lachaffer,1
lachofe,1
lacoit,1
lacompagnieauçc,1
lacrain,1
lacre,1
lacruauté,1
lacôfideratiôn,1
ladi,1
ladiaifioniténdà,1
ladicealic,1
ladicte,1
ladire,1
ladite,1
laditerequefte,1
laditre,1
laditte,1
ladon,1
lafale,1
lafsi,1
laguerre,1
lagédarmerie,1
laiffe,1
laiffxgcles,1
laiffà,1
laiflee,1
laiflezefchapper,1
laifsé,1
laigendirmerie,1
lail,1
lainoblesse,1
laireípudte,1
lairoit,1
lajplufpart,1
lala,1
laleurvoudrorit,1
lamérci,1
lanc,1
lande,1
langres,1
languedoc,1
lanouuelle,1
lanuier,1
laon,1
lapar,1
laparol,1
lapo,1
lapofterite,1
lappliée,1
lapsi,1
laqu,1
laquelle,1
laquelleile,1
laquéile,1
lare,1
larequer,1
laruy,1
laruyne,1
lasrefponce,1
lassemblee,1
latacine,1
latin,1
lation,1
latrace,1
laugmentation,1
lauoitet,1
laville,1
laïplace,1
lc,1
lcas,1
lcquelfitre,1
lcsamediii,1
lcur,1
lcurídits,1
le,1
leat,1
leatsite,1
lebon,1
lecaufe,1
lecayet,1
lecheualicr,1
lecho,1
lecler,1
leconfeil,1
lecorps,1
ledepure,1
ledi,1
ledie,1
ledir,1
ledit,1
ledite,1
ledié,1
ledture,1
leducdemaine,1
lef,1
lefdiesestatsauroyent,1
lefdire,1
lefdires,1
lefdirs,1
lefdites,1
lefdíts,1
lefecoutir,1
lefoüc,1
lefquel,1
lefquelles,1
lefquellesil,1
lefquellestaifons,1
lefquels,1
lefquelz,1
lefujec,1
lefupplier,1
legano,1
legatió,1
legautres,1
legbireglemènt,1
legere,1
legitime,1
leglifes,1
legouucr,1
legref,1
leicombien,1
leides,1
leigur,1
leiour,1
leiourfi,1
leipresier,1
leiroy,1
leix,1
leldires,1
lelendemain,1
lelundidixiefme,1
lement,1
lemonde,1
len,1
lendemain,1
lenoncourt,1
lenr,1
lentrees,1
lenóbred,1
leor,1
lepapier,1
lepauure,1
lepett,1
leplus,1
lepre,1
lequel,1
ler,1
lere,1
leriers,1
leriét,1
lern,1
lerour,1
lerout,1
leroy,1
leroyde,1
lerpé,1
lerrres,1
les,1
lesa,1
lesadrtés,1
lesarcicles,1
lesdits,1
lesdubrce,1
leseigneur,1
lesemployer,1
lesfignerent,1
lesidcputez,1
lesieur,1
lesieurde,1
lesitroubles,1
lesiyeux,1
leslettres,1
lesloix,1
lesmerau,1
lestics,1
leti,1
letiers,1
letiets,1
letout,1
letroifiemesdes,1
lettres,1
leualt,1
leuc,1
leuce,1
leuctouchdit,1
leudi,1
leudittiarin,1
leuee,1
leuer,1
leuerempruns,1
leueroit,1
leuerét,1
leupcayer,1
leur,1
leurditre,1
leures,1
leurfdiees,1
leurferoitref,1
leurgou,1
leurs,1
leurscayets,1
leurtranquillité,1
leut,1
leutdéaoir,1
leués,1
leuë,1
levous,1
lex,1
lexeede,1
lexxii,1
lexxvi,1
lexxviidour,1
lez,1
leéture,1
leíchafaut,1
leídits,1
leÿees,1
leſ,1
leſdits,1
lg,1
lgkianrmefee,1
lhonneur,1
lhy,1
liares,1
libauoit,1
libere,1
liberte,1
liberté,1
libtemét,1
licen,1
licenriez,1
licentiez,1
licharge,1
lict,1
licécie,1
liené,1
lier,1
liers,1
lietes,1
lieurenant,1
lieux,1
ligence,1
ligion,1
ligne,1
lignes,1
lin,1
lique,1
liquel,1
liquelleilsreeo,1
liques,1
liquidoloolgie,1
lisse,1
liures,1
liuzes,1
liv,1
liy,1
liéu,1
lle,1
llezc,1
lobliots,1
loe,1
lofe,1
logis,1
logueut,1
loir,1
loix,1
lolénelle,1
lon,1
longdement,1
longue,1
lorateur,1
lors,1
lorsde,1
lorx,1
lou,1
loucif,1
loue,1
louresfois,1
loy,1
loyfible,1
lpiflembles,1
lr,1
lréité,1
lsdice,1
lt,1
lu,1
luiuant,1
lun,1
luna,1
lundi,1
luy,1
luyauoittenus,1
luyeftoyenrefcriptes,1
luyofaire,1
luyrauoir,1
lv,1
lvn,1
lxxuj,1
ly,1
lymoges,1
lyon,1
lyonnois,1
lyonpresidentidü,1
là,1
lá,1
ládire,1
ládite,1
lágres,1
láguedoc,1
lágáclle,1
länguedoc,1
læ,1
lès,1
lé,1
léhtévn,1
lélbundiiii,1
léns,1
léroy,1
lés,1
lésamedi,1
léscamiclessqui,1
lésdeputez,1
léurs,1
léut,1
lófígueiment,1
lóix,1
lüdi,1
macefchal,1
magiftrat,1
mai,1
maic,1
maicfte,1
maicfteentrerenuc,1
maicftetebcorido,1
maicfté,1
maicíte,1
maie,1
maiefte,1
maieftez,1
maieftezime,1
maiefté,1
maiesté,1
maieſté,1
maifons,1
maiftre,1
maiftrifer,1
maine,1
mainequ,1
mainsdu,1
maintenir,1
maintenon,1
maintenonauec,1
maintietidtoil,1
mainténis,1
mair,1
maire,1
mais,1
maiss,1
majs,1
mal,1
malade,1
maladie,1
malaife,1
malediétions,1
malheur,1
malheurs,1
malheuts,1
malhétus,1
malquitra,1
mandement,1
mandemét,1
mandez,1
mandie,1
mandoit,1
mandolévéggednce,1
maniere,1
maniment,1
manne,1
mante,1
manutentiá,1
mapormpilas,1
marcfchal,1
marchal,1
marchans,1
marche,1
marchás,1
marché,1
mardi,1
mardr,1
mardy,1
maref,1
marefchal,1
marefchaldam,1
mareíchal,1
mareſchal,1
mariioit,1
marin,1
marion,1
marmaride,1
marquifat,1
mary,1
marz,1
maréfchal,1
matdi,1
matelchal,1
matiere,1
matière,1
mau,1
maur,1
mauuaife,1
mauuais,1
mauwaifcvolonte,1
maux,1
mayeſ,1
maáiefte,1
maífon,1
maïfondetavillé,1
maÿensenpléiseaffemblén,1
mba,1
mbice,1
mbleede,1
mblé,1
mc,1
mctdebperfonnñes,1
mcísieurs,1
md,1
mea,1
mec,1
med,1
mefcon,1
mefcontentc,1
mefcontentèment,1
mefcô,1
mefficurb,1
meffieurs,1
mefine,1
mefines,1
mefiné,1
mefirie,1
mefméipartirérr,1
mefnager,1
mefries,1
mefrne,1
mefsicurs,1
mefsieurs,1
mefsieutsloullet,1
mefsiéurs,1
meftiér,1
meht,1
meieurs,1
meifüesla,1
meil,1
meilleur,1
meine,1
meiourle,1
melacompilätion,1
mele,1
melequin,1
melun,1
mement,1
memoi,1
memoire,1
memét,1
mendiäs,1
mener,1
menidire,1
mens,1
ment,1
mentalla,1
mentladitte,1
mer,1
mercieroit,1
mercredi,1
mercredy,1
mercur,1
mercäthumblemétladite,1
merites,1
merrré,1
merveille,1
mesme,1
mesmeil,1
mesmerang,1
mesmes,1
mestieurs,1
mestieuts,1
metcredi,1
meten,1
metier,1
metmeiourz,1
mettant,1
mettre,1
mettánt,1
meu,1
meum,1
meurtres,1
meurtris,1
meus,1
meyer,1
mez,1
meéfme,1
meímeocca,1
meísicurs,1
mg,1
mhdit,1
miacc,1
miaiftre,1
micíme,1
midy,1
mie,1
miel,1
mienque,1
mier,1
mieux,1
mifeen,1
miferable,1
miferes,1
mifery,1
mift,1
migr,1
miine,1
milen,1
milentépsde,1
militaire,1
milliôs,1
miniftres,1
minn,1
mis,1
misentreles,1
misien,1
miten,1
miſe,1
mm,1
mme,1
mmouuoir,1
mobdains,1
moder,1
mogbliafrees,1
moins,1
mois,1
moisen,1
moityé,1
mon,1
mona,1
monarchie,1
monc,1
mondit,1
monf,1
monfei,1
monficur,1
monfieur,1
monftrez,1
monnoyes,1
monrpenfier,1
mont,1
montmorenci,1
montmorin,1
montmoteney,1
montmotin,1
montpelier,1
montpellier,1
montpenfier,1
montéz,1
monſeigneur,1
mor,1
morin,1
moruillier,1
moteticy,1
mouric,1
mourir,1
mourirj,1
mourribuafim,1
mouuoir,1
moux,1
moy,1
moyeds,1
moyeh,1
moyen,1
moyens,1
moyenstantor,1
moyers,1
moyerís,1
moys,1
moysde,1
moyé,1
moyéle,1
moyépóur,1
moyés,1
moÿen,1
mpfnye,1
mss,1
mte,1
mune,1
muniqua,1
murmure,1
mà,1
máqueroit,1
máquet,1
mátin,1
máyne,1
mäda,1
mäiefté,1
mé,1
mébter,1
méfie,1
méfsieurs,1
mégniger,1
méirie,1
méme,1
ménager,1
ménagers,1
mércur,1
méridre,1
més,1
mét,1
métatranüe,1
mísaü,1
mó,1
móde,1
móficur,1
móyen,1
môyéns,1
na,1
naiaïse,1
naittoufiouts,1
nal,1
nam,1
nanuádrtc,1
naturel,1
naturellemét,1
naturels,1
nauarre,1
nauarreiles,1
nauárre,1
navarre,1
navarte,1
naüaire,1
naüarreo,1
nbleife,1
nc,1
ncantmoins,1
nces,1
ncriirlacompagnie,1
ncátsoinadque,1
ndmdu,1
ndr,1
ndértous,1
neam,1
neant,1
neantinoinsifi,1
neantmoins,1
nebledé,1
nebraed,1
nec,1
nece,1
neceffaire,1
neceffairé,1
necefsire,1
necefsiré,1
necefsité,1
necellaires,1
necestatpos,1
neceſſaire,1
neceſſaires,1
neconíentir,1
necs,1
nedeur,1
nee,1
nefe,1
nefolu,1
neftré,1
nefürent,1
negocia,1
negotie,1
negotié,1
nelepeut,1
nemens,1
nement,1
nenntinoitis,1
nepouuoit,1
ner,1
nerfbice,1
nerougifloit,1
nes,1
netetiti,1
neuers,1
neuf,1
neur,1
neurs,1
neániriioins,1
neátmoins,1
nference,1
ng,1
ngne,1
nguedoc,1
ni,1
niadi,1
nicolas,1
nid,1
nier,1
nir,1
nis,1
niuerfite,1
niér,1
nl,1
nm,1
nn,1
nobiéf,1
noblcile,1
noblef,1
nobleff,1
nobleffc,1
nobleffd,1
nobleffé,1
noblehe,1
noblelfc,1
nobleste,1
nobleífe,1
nobleſſe,1
nobléffe,1
nohleffe,1
noifschceftré,1
noiftcequi,1
noiftre,1
noins,1
noir,1
nom,1
nombre,1
nomme,1
nommer,1
nommez,1
nommé,1
nonbbftant,1
nonobftant,1
norimer,1
normandie,1
nos,1
nou,1
nouembre,1
nouncaüx,1
nourit,1
nourriture,1
nourry,1
nouucan,1
nouuel,1
nouuelle,1
nouüélles,1
noyé,1
noyéctemps,1
noñrde,1
nr,1
ns,1
nsmoyés,1
nt,1
ntdu,1
nues,1
nuincibles,1
nul,1
nullitez,1
nullité,1
num,1
ny,1
nyda,1
nyles,1
nätion,1
né,1
néaſhltergyent,1
nément,1
népouuoyentticnarrester,1
néral,1
nó,1
nóbleffe,1
nóbre,1
nómer,1
nónftretehcqu,1
nóux,1
nô,1
nôbre,1
nôiftra,1
nômer,1
nÿen,1
ob,1
obeiffance,1
obeiffant,1
obeiffáce,1
obeifsáce,1
obeir,1
obeit,1
obferuation,1
obftant,1
obiectiós,1
oblefft,1
obligeroit,1
obmisles,1
obrhbrafcepártebs,1
obtenir,1
obuier,1
obícraation,1
oc,1
occafion,1
occafions,1
occafiót,1
occahôs,1
occaíió,1
occis,1
occulaitement,1
ocenpoyent,1
octabôsdeimefconté,1
odblie,1
odinidepuré,1
oe,1
oeque,1
oerte,1
offence,1
offert,1
offi,1
officier,1
officiers,1
offre,1
offres,1
ofler,1
ofoit,1
oftce,1
ofter,1
oftro,1
oftt,1
ofté,1
og,1
oid,1
oigneu,1
oignon,1
oii,1
ointpar,1
oit,1
oix,1
oixdeliberatiue,1
ol,1
oli,1
olu,1
olutió,1
omaine,1
omme,1
ond,1
onermbré,1
onftitutionsen,1
ons,1
ont,1
ontappors,1
onte,1
ontefté,1
onttoufiours,1
onté,1
onéravisà,1
oos,1
op,1
opiher,1
opiner,1
opineroit,1
opinic,1
opinigns,1
opinio,1
opinoit,1
opla,1
opoferoit,1
opos,1
oppo,1
oppofer,1
oppofite,1
oppofition,1
oppole,1
oppref,1
oppreísiós,1
orage,1
orareur,1
orareuwyparla,1
orateur,1
orateus,1
ordona,1
ordonner,1
ordonnet,1
ordre,1
ordrecomme,1
ordres,1
ordte,1
ordóner,1
ordôné,1
ordû,1
oreille,1
orfipar,1
ori,1
orit,1
orleans,1
orléäs,1
os,1
osbei,1
ose,1
ossa,1
ot,1
otdónoit,1
ote,1
oti,1
otrroÿ,1
ottroy,1
ou,1
ouais,1
oublierleur,1
oufte,1
oujen,1
ounertement,1
ounilliet,1
ourlefquelles,1
ourroyent,1
ous,1
outag,1
oute,1
outre,1
ouuert,1
ouuerte,1
ouuerture,1
ouuérture,1
ouy,1
ouyr,1
ouüerrüre,1
owrélafche,1
oxi,1
oy,1
oyaeme,1
oyayme,1
oyent,1
oys,1
oyát,1
où,1
oùayant,1
oùnous,1
oû,1
oü,1
pacificatió,1
pacifiet,1
pacifiques,1
paciher,1
paclouuetrure,1
pactifjjntesceder,1
paf,1
paffa,1
paffe,1
paffer,1
paffez,1
paficet,1
paghé,1
pagne,1
pagnát,1
pai,1
paie,1
paiez,1
paigne,1
paio,1
pais,1
paix,1
paixsqui,1
palfe,1
pance,1
paquen,1
paracheuec,1
paraclieué,1
parainfi,1
paralles,1
parauant,1
parce,1
parcille,1
parcliacun,1
parda,1
parefcrit,1
pareil,1
pareille,1
parfes,1
parie,1
paris,1
parl,1
parla,1
parlaftprecifements,1
parlant,1
parlantides,1
parle,1
parlement,1
parler,1
parles,1
paro,1
paroi,1
paroiftre,1
parolle,1
parolles,1
parquoy,1
parsetrangollop,1
partant,1
partde,1
parterhént,1
parti,1
partialiré,1
particu,1
particulics,1
particulie,1
particulier,1
particuliere,1
particulierement,1
particuliers,1
partie,1
partir,1
partis,1
partit,1
partous,1
paruenir,1
paruenit,1
parur,1
paràt,1
parée,1
pasquafi,1
pastát,1
patafe,1
patciculiérsferoyent,1
patei,1
pateil,1
pateilizecit,1
pateilés,1
paternelle,1
paticce,1
patir,1
patis,1
patisyromon,1
patita,1
patri,1
patriculier,1
patrie,1
patt,1
pattes,1
patticuliete,1
pattitent,1
pattátirle,1
patuenir,1
paturent,1
pau,1
paubre,1
paurlppligr,1
pausient,1
pauure,1
payement,1
payementiibdio,1
payeroie,1
paífees,1
paísion,1
pc,1
pcs,1
pechegune,1
pecialement,1
ped,1
pedple,1
pedícdt,1
peefident,1
pei,1
peif,1
peine,1
pela,1
pelé,1
pencoæl,1
pendipiss,1
pener,1
peneral,1
penfe,1
penfer,1
penfion,1
penfions,1
penfoyent,1
peniquilinc,1
pentlric,1
penſer,1
peor,1
peque,1
perait,1
perande,1
perdre,1
pereiednen,1
perfaadaricqu,1
perfaaüa,1
perfeucreren,1
perfeuerans,1
perfeuerer,1
perfonn,1
perfonna,1
perfonnages,1
perfonne,1
perfonnes,1
perfónes,1
perilleufes,1
perilleux,1
perle,1
permertzs,1
permet,1
permetroyent,1
permettoit,1
permettre,1
permiffion,1
permift,1
perméttre,1
perpcruite,1
perperuiréreftoit,1
perperuité,1
perpetuelle,1
perpetui,1
perpetuite,1
perpetuité,1
perte,1
pertes,1
perſonnes,1
petnicidus,1
petri,1
petrple,1
peu,1
peuft,1
peult,1
peuple,1
peur,1
peut,1
peutcaufer,1
peuttenir,1
peuuét,1
pevane,1
pezer,1
peádac,1
peíchez,1
peíchoit,1
pf,1
pfefident,1
pftat,1
phifiedis,1
phifieurs,1
piat,1
picardie,1
pictre,1
pierrele,1
pieté,1
pigardie,1
pilleries,1
pillier,1
pince,1
pintereft,1
piquantes,1
pires,1
piteufestragedies,1
pitfetitero,1
piéépour,1
pl,1
pla,1
plafienrs,1
plai,1
plaifoit,1
plaiftr,1
plaignant,1
plailic,1
plaine,1
plainres,1
plaintes,1
plaiíin,1
plalicuirs,1
plat,1
ple,1
plefidène,1
plei,1
plein,1
plendide,1
plepft,1
plerg,1
pleuft,1
pleurzóyant,1
pleut,1
pleuuoir,1
pli,1
plia,1
pliaauouet,1
pliedeiuger,1
pliquái,1
plié,1
plongeroit,1
plongé,1
ploye,1
ployer,1
ployéi,1
plu,1
plubeurseftoyenc,1
pludcurscaffices,1
pluf,1
plufeurs,1
pluficurs,1
pluficuss,1
plufie,1
plufieurs,1
plufieuts,1
plufieués,1
plufpart,1
plufpartdes,1
pluftoft,1
pluftoit,1
plulieurs,1
pluralicedes,1
pluralire,1
pluralité,1
plurálite,1
plusan,1
plusconuenable,1
pluseft,1
plusodangereuf,1
plusperir,1
pluñeuts,1
pluſpart,1
pláignoyent,1
plóger,1
pme,1
pn,1
pnceauroy,1
pnebdér,1
po,1
poblic,1
poc,1
poe,1
poffible,1
pofitiomdudit,1
pofoir,1
pofsible,1
pofsibles,1
pofterite,1
poictou,1
poihts,1
poihét,1
poin,1
poinc,1
pointauiogement,1
pointcommuniquacs,1
pointde,1
poinében,1
poinét,1
poir,1
poirtíets,1
poit,1
poittiers,1
poix,1
polif,1
polongne,1
poltpofanrce,1
pon,1
poncedu,1
ponit,1
ponr,1
ponrconferer,1
ponrle,1
ponrydonser,1
pont,1
ponüoient,1
popu,1
populi,1
por,1
porta,1
portaneque,1
portatouf,1
portdit,1
porte,1
portez,1
portoit,1
portoivponr,1
portons,1
portoyét,1
portánt,1
portát,1
porté,1
pos,1
posgraucs,1
posirrdyencibefoti,1
potis,1
potréportertaparbhe,1
pott,1
pottoit,1
potétats,1
pou,1
poub,1
pouc,1
pouflez,1
pouflé,1
poui,1
poul,1
pounoitdefirer,1
pountuger,1
pourafsifter,1
pouraller,1
pourapres,1
pourauifer,1
pouren,1
pourfon,1
pouriéti,1
pourléur,1
pourre,1
pourroir,1
pourrois,1
pourroit,1
pourroita,1
pourroitaccordercela,1
pourront,1
pourroyent,1
pourroyetit,1
poursoitmander,1
pourtanoble,1
pourtrois,1
pourucu,1
pourueu,1
pouruoir,1
pouteémütliquet,1
poutle,1
poutteir,1
pouu,1
pouuit,1
pouuoir,1
pouuoirque,1
pouuoirs,1
pouuoit,1
pouuoyent,1
pouuoyét,1
pouuoïir,1
pouuvoishreleuer,1
pouvoir,1
poux,1
povitlôir,1
poùr,1
poür,1
poüuoiteéntetidre,1
pp,1
ppg,1
pps,1
pr,1
pranc,1
prarlembles,1
prateftans,1
pratiquee,1
pratiquez,1
pratiqué,1
pratti,1
prattiquez,1
prc,1
pre,1
precedenr,1
precedétau,1
precicufement,1
predeceffeurs,1
predeceffeürs,1
predecesteurs,1
prefe,1
prefeaterequefteaefté,1
prefen,1
prefence,1
prefenroyent,1
prefens,1
prefent,1
prefenta,1
prefentaffent,1
prefentation,1
prefente,1
prefentecsau,1
prefenter,1
prefenterent,1
prefentez,1
prefentoit,1
prefentée,1
prefetecs,1
preffeance,1
preffement,1
preffidrs,1
prefi,1
prefida,1
prefidenc,1
prefidenr,1
prefidoit,1
prefidéchtrefponte,1
prefidéne,1
prefidér,1
prefidét,1
preft,1
prefter,1
prefteray,1
prefts,1
prefumoit,1
preféce,1
preférez,1
pregdent,1
prehdétitr,1
preiudi,1
preiudice,1
preiudicier,1
prelats,1
prelens,1
prelenter,1
prelentoir,1
premict,1
premief,1
premieis,1
premiete,1
premíeremerít,1
pren,1
prend,1
prendre,1
prendrehin,1
prendroit,1
prenoft,1
prenoit,1
prepareroit,1
prepofez,1
prerogatiues,1
prerperm,1
prertiiérésinfteu,1
pres,1
presdu,1
preséré,1
pret,1
pretendue,1
pretidét,1
pretédue,1
pretédus,1
preu,1
preuarique,1
preuenir,1
preuoft,1
preuofté,1
preuucs,1
prewoft,1
prewofte,1
preíence,1
preſent,1
preſentations,1
pri,1
pria,1
priat,1
prie,1
prieres,1
prife,1
prin,1
princegurgit,1
principales,1
principaux,1
princr,1
princé,1
prinf,1
prinfe,1
prinfes,1
prins,1
prinste,1
priné,1
prinéedauphinsle,1
prio,1
prioit,1
prirrecon,1
pris,1
pritidede,1
priue,1
priuileges,1
priuilegié,1
priué,1
priänt,1
priät,1
priè,1
prié,1
priſes,1
probibec,1
procedaft,1
procedez,1
procef,1
proces,1
proche,1
procura,1
procureur,1
procüracion,1
procütátiós,1
produistantde,1
produit,1
profefsion,1
profiter,1
profité,1
profnitde,1
profti,1
proiets,1
promeffc,1
promelles,1
promettre,1
promicleur,1
promifcue,1
promirentfaire,1
promirérde,1
promis,1
promit,1
promoteurs,1
pronnee,1
pronócer,1
propo,1
propofa,1
propofaión,1
propofce,1
propofe,1
propofec,1
propofer,1
propoferenr,1
propofi,1
propofirion,1
propofition,1
propofé,1
propos,1
proposé,1
propoſe,1
propre,1
propres,1
propticté,1
proreftans,1
proréftarions,1
prote,1
proteftans,1
protefte,1
protefter,1
proteftoyent,1
protestatiós,1
protée,1
proue,1
prouefics,1
prouence,1
proufit,1
prouidéce,1
prouince,1
prouinces,1
prouuence,1
prouéce,1
proye,1
prt,1
pru,1
prué,1
prédre,1
prée,1
préfence,1
préfenterent,1
préfidens,1
préholt,1
prélfce,1
prémiére,1
prépareesaflis,1
prônincéseftans,1
prüdens,1
pseitipnes,1
pt,1
ptefente,1
ptefidét,1
ptes,1
ptie,1
ptiel,1
ptinceréméréid,1
ptis,1
ptit,1
pto,1
ptocuration,1
ptofoit,1
pu,1
publier,1
publiquement,1
puc,1
puclesimeilléues,1
pue,1
pues,1
puffémblee,1
pui,1
puif,1
puiffance,1
puiffarice,1
puiffe,1
puiflancei,1
puille,1
puis,1
puisqueles,1
puoi,1
pupillés,1
pur,1
purementi,1
puremét,1
pureté,1
purez,1
purificatió,1
puris,1
pusttehioc,1
pute,1
putes,1
putez,1
putis,1
putóz,1
puy,1
puát,1
pyutez,1
pàybkacon,1
pár,1
páramantauoit,1
párciculisren,1
párdaquetle,1
páris,1
párlemétdé,1
párler,1
pároit,1
pásipour,1
pát,1
pátafe,1
pèmienrdc,1
pé,1
pécíenge,1
pédantqu,1
péferont,1
pégotie,1
péleroit,1
péneral,1
péopo,1
pérfonnes,1
pérkicidufes,1
pérmhertrt,1
pérrde,1
pés,1
péter,1
pétmis,1
péu,1
pórteesau,1
pôce,1
pôcet,1
pôfer,1
püiss,1
pülpitre,1
pütez,1
qa,1
qae,1
qaedeibyó,1
qais,1
qaë,1
qc,1
qe,1
qgnde,1
qieedireaye,1
qii,1
qiiis,1
qiue,1
qnelista,1
qni,1
qnis,1
qo,1
qoi,1
qparre,1
qpdentant,1
qsateucsd,1
qti,1
qtre,1
qu,1
quadiecänfidereles,1
quafi,1
quafiimpol,1
quah,1
quali,1
qualiré,1
qualite,1
qualité,1
qualités,1
quan,1
quanc,1
quancáüx,1
quand,1
quantau,1
quarid,1
quartier,1
quatricf,1
qub,1
quc,1
quce,1
qucedeárs,1
que,1
queauós,1
quece,1
queceuxdelanouuelle,1
quechacundeuoità,1
quecs,1
qued,1
queda,1
quede,1
quee,1
quefa,1
quefis,1
quefte,1
quei,1
queitió,1
quej,1
quek,1
quekqüe,1
quel,1
quela,1
quelcon,1
quele,1
quelebutàtoufours,1
queledit,1
queles,1
quelesvil,1
queley,1
quella,1
quelle,1
quellefin,1
quelles,1
quelqtes,1
quelqu,1
quelque,1
quelques,1
quelquesautrés,1
quelquesioyés,1
quelqué,1
quels,1
quelsilauoit,1
queluy,1
quelá,1
quenous,1
quer,1
quere,1
querel,1
querelles,1
querir,1
querirle,1
ques,1
quesice,1
quesà,1
quesá,1
quetes,1
quevoir,1
quezàs,1
queſtion,1
qui,1
quia,1
quiauoit,1
quiconques,1
quidit,1
quieftoyét,1
quieftoïr,1
quien,1
quife,1
quiferoitcacherec,1
quii,1
quiimportele,1
quil,1
quilear,1
quileftoyent,1
quiles,1
quinta,1
quipartantde,1
quiremonftra,1
quis,1
quitra,1
quo,1
quoq,1
quoy,1
quoÿ,1
qur,1
quà,1
quár,1
quäd,1
quär,1
qué,1
quéfa,1
quéic,1
quélesnieyens,1
quéntescimportäce,1
quí,1
qü,1
qüanr,1
qücle,1
qüclque,1
qüclquenotoble,1
qüe,1
qüelles,1
qüelquesaütres,1
qüitrércelle,1
ra,1
rac,1
rachapt,1
rahe,1
rai,1
raifon,1
raifonne,1
raifons,1
raiformable,1
raifpns,1
raitie,1
raitter,1
raiſon,1
raiſons,1
ramener,1
rande,1
rangonnéimeni,1
raport,1
raporteroyent,1
raporté,1
rapotter,1
rappor,1
rapporteroyent,1
rapportscomme,1
rapporté,1
raten,1
raté,1
ratón,1
raume,1
rayer,1
rbb,1
rc,1
rce,1
rceux,1
rcfolutions,1
rcformee,1
rcfouucnant,1
rcfufer,1
rctirejil,1
rcunir,1
rcíolutió,1
rcüoir,1
rdre,1
reaingiüer,1
recea,1
recen,1
recene,1
recens,1
recercher,1
recerché,1
receuc,1
receuoir,1
recexit,1
reci,1
recit,1
reciterent,1
reco,1
recommanderay,1
recompenfc,1
reconoiffas,1
reconoiffoit,1
reconoiflantpoint,1
reconoift,1
recorrige,1
recs,1
recueil,1
recueillir,1
recéusiiauectoutes,1
recôimatidatiôs,1
redftes,1
redotirce,1
reduifit,1
reduire,1
reduiroyent,1
reduit,1
redué,1
redémidy,1
ree,1
reeroyéel,1
refens,1
refentir,1
referue,1
referué,1
reffort,1
refolu,1
refolurent,1
refoluriob,1
refolurion,1
refolution,1
refolutions,1
refolutià,1
refolutió,1
refolutiôs,1
refoly,1
refolütion,1
reformatió,1
reformatiô,1
reformee,1
refoudre,1
refouldre,1
refource,1
refpe,1
refpon,1
refponce,1
refpondre,1
refpotice,1
refpóceibien,1
refpôce,1
refpônce,1
reftauration,1
refts,1
refufe,1
refufej,1
refuferent,1
refuſa,1
refuſez,1
refçhal,1
refólique,1
reg,1
regar,1
regarda,1
regiftre,1
reglement,1
reglemét,1
regler,1
reglethent,1
regne,1
regtatiers,1
rei,1
reillement,1
reims,1
reiquet,1
rel,1
relaie,1
relatió,1
relaíche,1
releuce,1
releucefut,1
releuee,1
releues,1
reli,1
relig,1
religien,1
religio,1
religionpour,1
religié,1
religió,1
religiócatholique,1
religiô,1
religiôs,1
relipiô,1
relié,1
relou,1
relr,1
rels,1
relénéé,1
remaine,1
remarquez,1
remede,1
remedes,1
remedier,1
remer,1
remerciemét,1
remertia,1
remertre,1
remettant,1
remettre,1
remi,1
remife,1
remis,1
remióriftiaft,1
remon,1
remonfkrer,1
remonftrance,1
remonftranceaj,1
remonftrances,1
remonftranecs,1
remonftre,1
remporter,1
remuerent,1
remét,1
remóflra,1
remôfträ,1
ren,1
rencc,1
rendre,1
rendus,1
renoitipiuftement,1
renoltafsét,1
rente,1
rentes,1
rentrer,1
rentés,1
renue,1
renuerfece,1
renuoyer,1
repitier,1
repliqua,1
repliquasqueiletiers,1
repondre,1
repos,1
reprcíetent,1
reprefehte,1
repreſenter,1
reprie,1
repris,1
repré,1
reptéferite,1
republi,1
reque,1
requefte,1
requefteen,1
requeftes,1
requeftesia,1
requelque,1
requeste,1
requete,1
requieté,1
requis,1
rer,1
rercestion,1
rercquefte,1
rerit,1
rernóftré,1
res,1
restet,1
restoyeitt,1
retenu,1
reteriu,1
retient,1
retirerent,1
retirez,1
retombaft,1
retour,1
retouren,1
retourna,1
retourneroit,1
retournez,1
retraicte,1
retraite,1
retran,1
retrancher,1
reuc,1
reuenans,1
reuenir,1
reuerence,1
reueréce,1
reunir,1
reus,1
reux,1
reve,1
revnion,1
revnirfes,1
rey,1
rez,1
reçourir,1
reſolu,1
reſolution,1
reſoudre,1
rf,1
rficie,1
rfió,1
rfonnes,1
rgen,1
rh,1
rhcr,1
rhoyerit,1
ri,1
riam,1
riarablétiént,1
riay,1
ric,1
richelieu,1
ricn,1
rictu,1
riditéftey,1
rie,1
rieceffaire,1
rien,1
riersestat,1
riffancrenom,1
riii,1
rince,1
riol,1
rioudélleopinión,1
ris,1
risement,1
rit,1
riucz,1
riuicre,1
riuiere,1
riy,1
rié,1
rl,1
ro,1
rochefort,1
rochelle,1
roffhérsüe,1
rohiatüt,1
roirpargouuernement,1
rois,1
roit,1
roivaucun,1
rojne,1
romains,1
rompre,1
ronne,1
rontesfois,1
roprelençer,1
ropá,1
rormaíhe,1
rornipnt,1
ros,1
rotalo,1
rott,1
rouan,1
roucháat,1
roue,1
rouen,1
rource,1
rourcequ,1
rousles,1
routés,1
rouutllementicnigez,1
rov,1
roy,1
roya,1
royan,1
royanmequ,1
royau,1
royaume,1
royaumes,1
royauoitfonds,1
royaur,1
royaurbe,1
royaurné,1
roydenauarre,1
royent,1
royi,1
royide,1
royne,1
roynes,1
roys,1
roysayans,1
roysde,1
royét,1
roÿne,1
rqu,1
rr,1
rranfportz,1
rris,1
rroftre,1
rrouué,1
rréltez,1
rtegaufbéyz,1
rtfíem,1
rti,1
ru,1
rubempre,1
rubempré,1
rubhuhis,1
ruines,1
rurétén,1
ruyné,1
ry,1
ré,1
réaüb,1
rédre,1
rédu,1
réduire,1
réduits,1
réfponce,1
réips,1
réleuee,1
rémént,1
réndreodieux,1
rénoquet,1
rép,1
réplacer,1
réprié,1
réqueftes,1
rérent,1
réres,1
rét,1
réte,1
rétes,1
rétoitpar,1
rétómb,1
réueu,1
révité,1
réwhittoüs,1
rézardeu,1
ríó,1
róit,1
rój,1
róv,1
róy,1
róyent,1
rôtmäine,1
rüéaft,1
sableses,1
sacien,1
sagueur,1
sagueurqureftoit,1
sains,1
saisi,1
sait,1
salu,1
samedi,1
samedy,1
sapié,1
sarre,1
sattendw,1
sau,1
sauf,1
sauueur,1
saüticür,1
sb,1
sc,1
sci,1
scigneut,1
scigneux,1
scquifemblayét,1
sde,1
sdéphtez,1
se,1
secreraire,1
sedie,1
sefolution,1
seftefforcede,1
seh,1
sei,1
seignenr,1
seignent,1
seigneurd,1
seigneut,1
seigocur,1
seigoenrisdeputeroyct,1
seizneur,1
sem,1
senecey,1
senfuit,1
senlis,1
sensi,1
seque,1
sequéfte,1
ser,1
seraotiss,1
seroit,1
serourneroyent,1
serre,1
sf,1
sicur,1
siescles,1
sieur,1
sieurayant,1
sieurs,1
sieyr,1
signec,1
sil,1
silauroit,1
silfaucreco,1
sinon,1
siors,1
sisauueur,1
sió,1
slg,1
slétdit,1
smmes,1
sn,1
snisautoledie,1
sntehant,1
sofit,1
soiflons,1
sois,1
soit,1
sont,1
soticm,1
sousle,1
sparticuliers,1
spi,1
sppert,1
sr,1
ssigaeur,1
ssl,1
st,1
stcotdecs,1
stenínit,1
stilanoblesse,1
stilo,1
stoyé,1
sttiles,1
su,1
sueneillans,1
suetrois,1
sui,1
suiffe,1
suiuant,1
suoit,1
sur,1
surnelllans,1
sv,1
sxu,1
sy,1
sz,1
sämédi,1
sèrnemens,1
sé,1
séblable,1
séble,1
séblec,1
séblee,1
séntetourhétent,1
séptétabite,1
sét,1
sôbienmoscaibris,1
sôfequence,1
süx,1
tabellió,1
taft,1
tage,1
taifons,1
taigne,1
tailles,1
taillesique,1
tailloh,1
taillon,1
tait,1
talentidid,1
talloi,1
tamen,1
tanrpour,1
tant,1
tantchole,1
tantde,1
tanten,1
tapoït,1
tapport,1
taprótel,1
tarde,1
tas,1
tatió,1
tatítoft,1
taule,1
taxoit,1
taz,1
taïtles,1
tb,1
tcmcr,1
tcz,1
te,1
teapresdifneré,1
tec,1
teceddauitutie,1
tedüixe,1
tef,1
tefaivéile,1
tefmotené,1
teftes,1
tegiftre,1
teguefteactés,1
tehement,1
tejuies,1
tek,1
tekardu,1
tel,1
teleuee,1
telle,1
tellement,1
tellemet,1
telles,1
tellémét,1
temaicfte,1
tement,1
temercia,1
temeteia,1
temor,1
tempefte,1
tempseeste,1
tendant,1
tendoir,1
tendre,1
tendét,1
teneur,1
tenir,1
tenitvn,1
tenoit,1
tenoyent,1
tentión,1
tenue,1
tenus,1
tepler,1
tequ,1
tequcftes,1
tequefke,1
tequefte,1
ter,1
terre,1
tertionftre,1
tes,1
tesendroits,1
tet,1
tete,1
tetirér,1
tetoür,1
teuetioic,1
teur,1
tex,1
texvii,1
tey,1
teyrapporterér,1
tez,1
teímoin,1
teípondit,1
tfompez,1
tftnirneceffaire,1
thcologie,1
thiie,1
tholique,1
thtl,1
thuiivindréren,1
tiaille,1
tian,1
tibles,1
tice,1
ticles,1
ticlédu,1
ticulieres,1
tidant,1
tien,1
tiendra,1
tiennent,1
tiennét,1
tient,1
tierry,1
tiersbftat,1
tiersestat,1
tiess,1
tiets,1
tifoa,1
tift,1
tige,1
tiic,1
tilrre,1
timon,1
tinuec,1
tinuoit,1
tinuättoufourslesdits,1
tioftre,1
tiog,1
tion,1
tionau,1
tiondefdits,1
tionineá,1
tions,1
tios,1
tiouirmesmede,1
tique,1
tir,1
tirer,1
tiroir,1
tiré,1
tis,1
tites,1
tié,1
tiérr,1
tió,1
tióefea,1
tiófre,1
tjous,1
tjs,1
tkpedier,1
tl,1
tlelilde,1
tlets,1
tlg,1
tln,1
tm,1
tmnenagoit,1
tmoyé,1
tn,1
tnarchás,1
tnde,1
tnlriers,1
tobte,1
toiclhicateux,1
toine,1
toirtoufiours,1
toit,1
toj,1
tolerér,1
tollerer,1
tolluci,1
tomsimoiens,1
tont,1
tontesibis,1
topae,1
tos,1
totuiroic,1
tou,1
toubeuenément,1
touchaft,1
touchant,1
touchantlcs,1
toucher,1
touchät,1
touf,1
toufioucs,1
toufiours,1
toufiourstres,1
toufjonzs,1
toufjóurs,1
toufours,1
tourai,1
tourner,1
touréeentiérement,1
tous,1
tousfübfides,1
toute,1
touten,1
toutes,1
toutesfois,1
toutsdeputé,1
tovurifent,1
toyagcy,1
toyent,1
toyententrétenus,1
toyentfait,1
toït,1
toùs,1
toütéfois,1
tp,1
tr,1
tra,1
trai,1
traire,1
traitter,1
tran,1
tranfporte,1
tranfportetent,1
trauail,1
trauaillent,1
trauaux,1
tre,1
trebt,1
trece,1
tref,1
trefneceffaire,1
trente,1
trentefix,1
tres,1
tresbelle,1
tretoyent,1
trodins,1
troificfme,1
troifiefme,1
trois,1
troisestats,1
troisor,1
troit,1
tronppede,1
tronuez,1
trop,1
trou,1
trouua,1
trouuc,1
trouue,1
trouuer,1
trouuerent,1
trouuetent,1
trouuoit,1
trouuée,1
troÿ,1
trá,1
trálpor,1
tráímettre,1
tréikec,1
tréiréjthtfhrié,1
trésmoyens,1
trété,1
tróis,1
trótiureez,1
tróuaá,1
trôyée,1
tsbliés,1
tt,1
tta,1
ttaffio,1
ttanquillité,1
tte,1
ttefeligion,1
ttei,1
ttes,1
tteseftoir,1
ttois,1
ttoublerl,1
ttouua,1
ttoy,1
tuces,1
tude,1
tudie,1
tue,1
tuez,1
tus,1
tuum,1
tuy,1
tuz,1
twladi,1
ty,1
tylà,1
tà,1
tàes,1
táhc,1
tápott,1
tárch,1
täuierderhier,1
té,1
técoh,1
téde,1
tédoir,1
téfponce,1
témblee,1
téniv,1
ténu,1
téonüoit,1
téps,1
tériti,1
téuchoit,1
téz,1
tícritmos,1
tó,1
tón,1
tótfthér,1
tóufiours,1
tóus,1
tôle,1
tücl,1
tüirtrouuer,1
tüoins,1
uaife,1
ualier,1
uant,1
uarre,1
uatió,1
ub,1
ubffter,1
ubglife,1
ubir,1
ubmifsion,1
ucaux,1
ucelciour,1
ucllementcrigez,1
ucr,1
ucrboüauroy,1
ucrre,1
ucur,1
ucus,1
ud,1
ue,1
ueaux,1
uec,1
uecques,1
uefque,1
uelles,1
uen,1
uenir,1
uent,1
uerfel,1
uernemenn,1
uernemens,1
uernement,1
uerneurs,1
uers,1
uertir,1
ues,1
uesi,1
ueur,1
uez,1
ufdite,1
ufdites,1
ufhfantes,1
ufnes,1
uft,1
ui,1
uibulté,1
uic,1
uicft,1
uidepte,1
uiferoirquel,1
uifions,1
uiles,1
uilez,1
uille,1
uilliér,1
uinces,1
uiolablement,1
uis,1
uit,1
uiuant,1
uiuantiqui,1
uli,1
un,1
undi,1
une,1
unie,1
unm,1
unus,1
uocat,1
uoft,1
uofts,1
uogéc,1
uoic,1
uoir,1
uoirdudit,1
uoit,1
uoitembrase,1
uos,1
uott,1
uounee,1
uoy,1
uoya,1
uoyencefteenuoyez,1
uoyent,1
uoyez,1
uoyädeputezexpres,1
uoyént,1
upl,1
upohaenscemendrt,1
uppliant,1
upplicencores,1
upplier,1
ur,1
ure,1
urer,1
ures,1
urier,1
urir,1
urit,1
urremerit,1
utezenuoyez,1
utiet,1
utiéyent,1
utm,1
uu,1
uuernement,1
uum,1
uus,1
ux,1
uy,1
uyuies,1
uárrelaficadioufter,1
vacquer,1
vacqueroit,1
vaincu,1
vaines,1
vais,1
valois,1
vant,1
var,1
varier,1
vati,1
ve,1
vef,1
veftroicte,1
vefues,1
vemife,1
ven,1
vendre,1
vendredi,1
vendredy,1
vendu,1
venir,1
venirdans,1
venu,1
venus,1
vepmádois,1
ver,1
verbalc,1
verbále,1
verforis,1
verforisaduoc,1
verifiétént,1
verire,1
verman,1
vermandofs,1
vermandois,1
vermandüis,1
vermádoys,1
vers,1
ves,1
vete,1
vetforis,1
vetfotis,1
vetiücidu,1
vetmändois,1
vetrhandois,1
veu,1
veuleerapprooueraa,1
veulent,1
veulr,1
veut,1
vfages,1
vfz,1
vg,1
vh,1
vhe,1
vhidetfel,1
vhs,1
vi,1
viblerhents,1
vic,1
vichors,1
vider,1
viec,1
viel,1
vien,1
vienent,1
vienne,1
vife,1
vifiter,1
vii,1
viii,1
viis,1
vilefsamedi,1
ville,1
villes,1
villesd,1
vin,1
vindréstt,1
vindrét,1
vinft,1
vint,1
vintau,1
vinten,1
violemment,1
violen,1
vis,1
visà,1
visá,1
vito,1
viton,1
vitonosx,1
vitré,1
vitté,1
viure,1
viute,1
viéne,1
viénne,1
viérs,1
viéts,1
viütvü,1
vl,1
vm,1
vmnimemencqu,1
vn,1
vnanimemént,1
vnanimemét,1
vnc,1
vncayerau,1
vne,1
vnechairc,1
vng,1
vni,1
vnigrand,1
vnion,1
vniuerfitez,1
vns,1
vné,1
vo,1
voc,1
vodloit,1
voftrc,1
voftre,1
voftré,1
voi,1
voir,1
voiranfsilamarchandifé,1
voirc,1
voire,1
voit,1
voix,1
voixile,1
volohte,1
volontairement,1
volontez,1
volontiers,1
volonté,1
volore,1
volôré,1
volüté,1
vomnisadé,1
vondeuns,1
vonn,1
voolantidefauoucitledit,1
vos,1
vosaduis,1
votifoyét,1
votiloicreduire,1
vototüa,1
votre,1
vou,1
voudroit,1
voudront,1
voudroyent,1
voudtoyent,1
voulant,1
vouloir,1
vouloit,1
voulons,1
vouloyent,1
vouloóvent,1
voulu,1
vouluft,1
voulurétalsifter,1
voulut,1
vour,1
vous,1
vousen,1
voyanc,1
voyantquele,1
voyatit,1
voyc,1
voye,1
voyer,1
voyes,1
voyátla,1
voüloits,1
voülut,1
vpitdeporter,1
vraiementä,1
vray,1
vraye,1
vrayeconoiflance,1
vrgens,1
vrgentes,1
vri,1
vric,1
vrié,1
vrouruerbó,1
vt,1
vu,1
vucil,1
vue,1
vzes,1
và,1
védre,1
védredimatinaviii,1
védte,1
véftre,1
véns,1
vérmádgis,1
véte,1
víii,1
vüe,1
vſures,1
wem,1
wi,1
wii,1
wilaiffer,1
wis,1
wiyss,1
wn,1
woicóit,1
wou,1
ws,1
wu,1
wviconte,1
ww,1
wéſme,1
xautgétncot,1
xd,1
xdl,1
xefponee,1
xelonce,1
xffegiopnez,1
xii,1
xiiii,1
ximres,1
xix,1
xlcliberec,1
xouloyent,1
xqnquafi,1
xtfe,1
xv,1
xvi,1
xvii,1
xviii,1
xwmillions,1
xx,1
xxi,1
xxii,1
xxiii,1
xxiiii,1
xxji,1
xxsvindepüter,1
xxv,1
xxvi,1
xxvii,1
xxviii,1
xxx,1
xxxii,1
xxxvi,1
xémonftrances,1
xérauecquesle,1
yaen,1
yanté,1
yauoitencore,1
yauóoit,1
ycfque,1
yees,1
yenloir,1
yent,1
yenvrer,1
yeut,1
yeux,1
yhoyefis,1
yiaurostiamais,1
ylaquèhlevnanimemet,1
yn,1
ynefrfaiñre,1
yos,1
youloit,1
ysconriguec,1
ytrouu,1
yvouloir,1
yént,1
yér,1
yét,1
zc,1
ze,1
zecita,1
zele,1
zelez,1
zemoplteieesi,1
zi,1
zilz,1
zimir,1
zou,1
zèle,1
"|,",1
|.,1
|...,1
|;,1
|],1
}-,1
£,1
£!,1
"£""",1
©,1
«,1
«&:,1
°,1
»,1
»!,1
"»,",1
».&,1
»:,1
»[,1
»—,1
à,1
àc,1
àce,1
àcefte,1
àeux,1
àf,1
àge,1
ài,1
àl,1
àla,1
àlors,1
àntres,1
àpaglcrle,1
àpermis,1
àr,1
àrió,1
àrtrefté,1
àtout,1
àu,1
àuec,1
àufsr,1
àuoir,1
àuoyent,1
àverforis,1
àvnc,1
ày,1
àà,1
àü,1
áaóicékabi,1
ádóyent,1
áffechblec,1
ái,1
áles,1
álfociation,1
álien,1
álieve,1
ántentió,1
áo,1
árrefté,1
ás,1
átous,1
áuoir,1
áuparauat,1
áy,1
âlurevitiivda,1
ätoir,1
æftoitdebouté,1
æuoit,1
çc,1
çmuniquer,1
çois,1
çonfeil,1
çà,1
é,1
éabla,1
éblighroites,1
écax,1
écdes,1
écevebeire,1
écéipéés,1
écénpoit,1
édhclud,1
ée,1
éen,1
éfarqu,1
éfchafaut,1
éfpa,1
éft,1
éftar,1
éftarti,1
éftité,1
éftlabône,1
égard,1
égtiome,1
éhacan,1
éhacirm,1
éhacur,1
éicédre,1
éiniq,1
éirdcé,1
éjpour,1
élongectips,1
émprun,1
émyencqué,1
én,1
éncores,1
éncéndoit,1
éndre,1
énellrd,1
énfüitanc,1
énla,1
énne,1
ént,1
éntatlovié,1
énüoy,1
éonifenrement,1
éotiu,1
ép,1
éplee,1
équetir,1
ércélte,1
éreou,1
érg,1
ériténdre,1
érti,1
és,1
éspedier,1
éstat,1
éstats,1
ét,1
états,1
étdautant,1
étiferoit,1
étifta,1
étitende,1
étiti,1
étiôs,1
étr,1
étretenir,1
éuft,1
éurie,1
évrififéations,1
éxhortát,1
éxpedient,1
éxtremitez,1
éxéufes,1
ééux,1
éótraint,1
éüx,1
éſté,1
êc,1
ënez,1
í,1
íeiour,1
íemieca,1
íi,1
ínon,1
ípocé,1
îles,1
ó,1
óbligét,1
óc,1
óccafigpoutaquelle,1
ófftoyéttoüt,1
ómandé,1
ómcesde,1
ón,1
ónetaufiours,1
ónne,1
ónt,1
óntte,1
ópiiafeul,1
óquóiv,1
ósidenauatreeftre,1
óti,1
óuys,1
óy,1
ô,1
ôbien,1
ü,1
üanr,1
üoles,1
üppliec,1
ürte,1
üx,1
ÿ,1
ÿaüoit,1
œil,1
ſa,1
ſaine,1
ſaint,1
ſali,1
ſalle,1
ſanté,1
ſe,1
ſecret,1
ſee,1
ſel,1
ſembla,1
ſence,1
ſervice,1
ſes,1
ſeul,1
ſeulement,1
ſoi,1
ſon,1
ſubmergé,1
ſuite,1
ſupplier,1
—,1
‘,1
‘&,1
‘+,1
’,1
’;,1
“,1
”,1
…,1
€,1
€-,1
€—,1
ﬀ,1
